"block","trt","species","prob","graminoid","seedrate.g.plot"
"1","ir","MURI","0.394881","1","0.0450"
"1","ir","AMME","0.184118","0","0.1445"
"1","ir","ELGL","0.093910","1","0.1949"
"1","ir","CIOC","0.091711","0","0.3059"
"1","ir","HOIN","0.089022","1","0.2360"
"1","ir","POSE","0.081199","1","0.0259"
"1","ir","LUSU","0.040364","0","0.6153"
"1","ir","ACST","0.014543","0","0.0114"
"1","ir","SIBE","0.007061","0","0.0055"
"1","ir","LUMI","0.003190","0","0.0473"
"1","dt","ACAM","0.266756","0","0.5462"
"1","dt","LUBI","0.265115","0","0.5831"
"1","dt","ELGL","0.147052","1","0.3052"
"1","dt","PLER","0.138629","0","0.1201"
"1","dt","GRCA","0.062489","0","0.0695"
"1","dt","CAME","0.045077","0","0.0185"
"1","dt","ELCO","0.035078","1","0.0441"
"1","dt","ESCA","0.029186","0","0.0178"
"1","dt","MURI","0.008468","1","0.0010"
"1","dt","POSE","0.002151","1","0.0007"
"1","fd","LUBI","0.148224","0","0.3260"
"1","fd","LAPL","0.136347","0","0.0447"
"1","fd","SPAI","0.112728","1","0.0152"
"1","fd","ASFA","0.105537","0","0.2321"
"1","fd","ESCA","0.102827","0","0.0627"
"1","fd","MURI","0.101531","1","0.0116"
"1","fd","ACMI","0.091394","0","0.0087"
"1","fd","STPU","0.071535","1","0.1951"
"1","fd","SIBE","0.069050","0","0.0535"
"1","fd","MEIM","0.060827","1","0.0327"
"1","r","AMME","0.421875","0","0.5885"
"1","r","POSE","0.265625","1","0.1503"
"1","r","PLER","0.125000","0","0.1925"
"1","r","STPU","0.062500","1","0.3031"
"1","r","ARPU","0.031250","1","0.0379"
"1","r","SPAI","0.031250","1","0.0075"
"1","r","ACAM","0.031250","0","0.1138"
"1","r","RACA","0.015625","0","0.0353"
"1","r","LUMI","0.015625","0","0.4117"
"1","r","DEFA","0.000000","0","0.0000"
"2","ir","AMME","0.430076","0","0.3375"
"2","ir","LAPL","0.252410","0","0.0828"
"2","ir","ARPU","0.103464","1","0.0706"
"2","ir","HOIN","0.097857","1","0.2594"
"2","ir","ESCA","0.049109","0","0.0299"
"2","ir","PLER","0.040060","0","0.0347"
"2","ir","POSE","0.019103","1","0.0061"
"2","ir","HOBR","0.007378","1","0.0120"
"2","ir","ACMI","0.000522","0","0.0000"
"2","ir","LUMI","0.000022","0","0.0003"
"2","dt","CAME","0.242019","0","0.0994"
"2","dt","LUSU","0.123455","0","1.8819"
"2","dt","CIOC","0.113097","0","0.3772"
"2","dt","GRCA","0.106794","0","0.1188"
"2","dt","MEIM","0.095287","1","0.0512"
"2","dt","HOIN","0.072413","1","0.1920"
"2","dt","RACA","0.071385","0","0.0907"
"2","dt","ELGL","0.066015","1","0.1370"
"2","dt","TRWI","0.055052","0","0.0626"
"2","dt","BRCA","0.054485","1","0.2111"
"2","fd","LAPL","0.177650","0","0.0583"
"2","fd","ESCA","0.127803","0","0.0779"
"2","fd","PHCI","0.104212","0","0.0478"
"2","fd","MURI","0.102975","1","0.0117"
"2","fd","ELCO","0.100757","1","0.1266"
"2","fd","ACAM","0.084402","0","0.1728"
"2","fd","AMME","0.078722","0","0.0618"
"2","fd","HOIN","0.076549","1","0.2029"
"2","fd","ACST","0.074185","0","0.0580"
"2","fd","BRCA","0.072744","1","0.2819"
"2","r","CIOC","0.450450450","0","2.6712"
"2","r","FEMI","0.189189189","1","0.2864"
"2","r","KOMA","0.162162162","1","0.0349"
"2","r","AMME","0.054054054","0","0.0754"
"2","r","ACST","0.045045045","0","0.0626"
"2","r","GRCA","0.036036036","0","0.0713"
"2","r","RACA","0.036036036","0","0.0814"
"2","r","HOBR","0.018018018","1","0.0520"
"2","r","LUBI","0.009009009","0","0.0352"
"2","r","ELGL","0.000000000","1","0.0000"
"3","ir","KOMA","0.656666","1","0.0794"
"3","ir","CAME","0.271197","0","0.1114"
"3","ir","CIOC","0.030887","0","0.1030"
"3","ir","ELGL","0.023928","1","0.0497"
"3","ir","MEIM","0.016301","1","0.0088"
"3","ir","LUSU","0.000875","0","0.0133"
"3","ir","SIBE","0.000075","0","0.0001"
"3","ir","ELCO","0.000055","1","0.0001"
"3","ir","ASFA","0.000016","0","0.0000"
"3","ir","LUMI","0.000000","0","0.0000"
"3","dt","STPU","0.199880","1","0.5452"
"3","dt","CIOC","0.183936","0","0.6135"
"3","dt","ACAM","0.181127","0","0.3709"
"3","dt","HOBR","0.149592","1","0.2426"
"3","dt","GRCA","0.093211","0","0.1037"
"3","dt","AMME","0.059229","0","0.0465"
"3","dt","LAPL","0.039775","0","0.0130"
"3","dt","PHCI","0.034608","0","0.0159"
"3","dt","SPAI","0.033348","1","0.0045"
"3","dt","MURI","0.025294","1","0.0029"
"3","fd","LAPL","0.160183","0","0.0525"
"3","fd","ACMI","0.141395","0","0.0135"
"3","fd","ASFA","0.139510","0","0.3068"
"3","fd","PHCI","0.113135","0","0.0519"
"3","fd","AMME","0.087320","0","0.0685"
"3","fd","PLER","0.079965","0","0.0693"
"3","fd","BRCA","0.078748","1","0.3051"
"3","fd","KOMA","0.071782","1","0.0087"
"3","fd","HOBR","0.069079","1","0.1120"
"3","fd","ARPU","0.058884","1","0.0402"
"3","r","STPU","0.46666667","1","2.2628"
"3","r","HOBR","0.15555556","1","0.4485"
"3","r","AMME","0.12222222","0","0.1705"
"3","r","ESCA","0.08888889","0","0.0964"
"3","r","LAPL","0.05555556","0","0.0324"
"3","r","LUMI","0.04444444","0","1.1711"
"3","r","BRCA","0.02222222","1","0.1531"
"3","r","RACA","0.02222222","0","0.0502"
"3","r","MEIM","0.01111111","1","0.0106"
"3","r","LUBI","0.01111111","0","0.0434"
"4","ir","SPAI","0.320218","1","0.0430"
"4","ir","CAME","0.246380","0","0.1012"
"4","ir","PLER","0.158258","0","0.1371"
"4","ir","CIOC","0.138526","0","0.4621"
"4","ir","ACAM","0.050445","0","0.1033"
"4","ir","MEIM","0.040507","1","0.0218"
"4","ir","BRCA","0.023333","1","0.0904"
"4","ir","ACST","0.014546","0","0.0114"
"4","ir","ELCO","0.006565","1","0.0083"
"4","ir","LUMI","0.001221","0","0.0181"
"4","dt","CIOC","0.261523","0","0.8723"
"4","dt","BRCA","0.170385","1","0.6602"
"4","dt","ELGL","0.113449","1","0.2355"
"4","dt","RACA","0.089217","0","0.1134"
"4","dt","CAME","0.076764","0","0.0315"
"4","dt","ESCA","0.075366","0","0.0460"
"4","dt","PHCI","0.072729","0","0.0334"
"4","dt","HOBR","0.064191","1","0.1041"
"4","dt","MEIM","0.050267","1","0.0270"
"4","dt","ACMI","0.026109","0","0.0025"
"4","fd","POSE","0.160254","1","0.0510"
"4","fd","LUBI","0.136076","0","0.2993"
"4","fd","GRCA","0.119123","0","0.1325"
"4","fd","TRWI","0.116044","0","0.1319"
"4","fd","FEMI","0.090270","1","0.0769"
"4","fd","HOIN","0.082959","1","0.2199"
"4","fd","CAME","0.079575","0","0.0327"
"4","fd","ACAM","0.074301","0","0.1521"
"4","fd","PLER","0.071563","0","0.0620"
"4","fd","ARPU","0.069835","1","0.0476"
"4","r","ACST","0.46192893","0","0.6421"
"4","r","SPAI","0.30456853","1","0.0728"
"4","r","LAPL","0.10152284","0","0.0592"
"4","r","PLER","0.06091371","0","0.0938"
"4","r","BRCA","0.04568528","1","0.3147"
"4","r","HOIN","0.01522843","1","0.0718"
"4","r","ACMI","0.01015228","0","0.0017"
"4","r","POSE","0.00000000","1","0.0000"
"4","r","LUBI","0.00000000","0","0.0000"
"4","r","ASFA","0.00000000","0","0.0000"
"5","ir","MURI","0.296649","1","0.0338"
"5","ir","KOMA","0.281149","1","0.0340"
"5","ir","CIOC","0.239917","0","0.8003"
"5","ir","CAME","0.105220","0","0.0432"
"5","ir","ACAM","0.059892","0","0.1226"
"5","ir","DEFA","0.006052","0","0.0023"
"5","ir","MEIM","0.005090","1","0.0027"
"5","ir","STPU","0.003636","1","0.0099"
"5","ir","LUBI","0.002290","0","0.0050"
"5","ir","GRCA","0.000104","0","0.0001"
"5","dt","CAME","0.208559","0","0.0856"
"5","dt","FEMI","0.171608","1","0.1461"
"5","dt","ARPU","0.131258","1","0.0895"
"5","dt","LUMI","0.119857","0","1.7765"
"5","dt","ACAM","0.088705","0","0.1816"
"5","dt","ASFA","0.067705","0","0.1489"
"5","dt","TRWI","0.058322","0","0.0663"
"5","dt","STPU","0.052541","1","0.1433"
"5","dt","LUSU","0.052416","0","0.7990"
"5","dt","HOIN","0.049029","1","0.1300"
"5","fd","LUMI","0.215481","0","3.1938"
"5","fd","SPAI","0.140403","1","0.0189"
"5","fd","POSE","0.133849","1","0.0426"
"5","fd","ACMI","0.106415","0","0.0102"
"5","fd","GRCA","0.086401","0","0.0961"
"5","fd","LUBI","0.076952","0","0.1692"
"5","fd","HOIN","0.075942","1","0.2013"
"5","fd","ACAM","0.056203","0","0.1151"
"5","fd","BRCA","0.055927","1","0.2167"
"5","fd","DEFA","0.052427","0","0.0198"
"5","r","ELGL","0.533333333","1","1.9680"
"5","r","PHCI","0.185714286","0","0.1516"
"5","r","ACAM","0.119047619","0","0.4333"
"5","r","SPAI","0.076190476","1","0.0182"
"5","r","MEIM","0.033333333","1","0.0319"
"5","r","HOBR","0.019047619","1","0.0549"
"5","r","LAPL","0.014285714","0","0.0083"
"5","r","DEFA","0.014285714","0","0.0096"
"5","r","LUMI","0.004761905","0","0.1255"
"5","r","LUSU","0.000000000","0","0.0000"
"6","ir","KOMA","0.578372","1","0.0699"
"6","ir","AMME","0.172183","0","0.1351"
"6","ir","CAME","0.128462","0","0.0527"
"6","ir","POSE","0.070632","1","0.0225"
"6","ir","ELGL","0.046022","1","0.0955"
"6","ir","ESCA","0.004293","0","0.0026"
"6","ir","STPU","0.000036","1","0.0001"
"6","ir","ASFA","0.000001","0","0.0000"
"6","ir","SIBE","0.000001","0","0.0000"
"6","ir","GRCA","0.000000","0","0.0000"
"6","dt","LUSU","0.228115","0","3.4773"
"6","dt","MURI","0.122948","1","0.0140"
"6","dt","CIOC","0.099579","0","0.3322"
"6","dt","BRCA","0.097924","1","0.3795"
"6","dt","ACAM","0.095684","0","0.1959"
"6","dt","CAME","0.078698","0","0.0323"
"6","dt","RACA","0.075539","0","0.0960"
"6","dt","TRWI","0.072536","0","0.0824"
"6","dt","POSE","0.068090","1","0.0217"
"6","dt","KOMA","0.060886","1","0.0074"
"6","fd","LUMI","0.182367","0","2.7030"
"6","fd","FEMI","0.131799","1","0.1122"
"6","fd","MEIM","0.127575","1","0.0686"
"6","fd","LUSU","0.123854","0","1.8880"
"6","fd","GRCA","0.108345","0","0.1205"
"6","fd","ASFA","0.074205","0","0.1632"
"6","fd","ELGL","0.073435","1","0.1524"
"6","fd","HOBR","0.064764","1","0.1050"
"6","fd","ACST","0.063134","0","0.0494"
"6","fd","RACA","0.050521","0","0.0642"
"6","r","ARPU","0.28","1","0.3396"
"6","r","ESCA","0.24","0","0.2602"
"6","r","ACMI","0.16","0","0.0272"
"6","r","KOMA","0.08","1","0.0172"
"6","r","ACAM","0.08","0","0.2912"
"6","r","DEFA","0.08","0","0.0538"
"6","r","MEIM","0.04","1","0.0382"
"6","r","PHCI","0.04","0","0.0326"
"6","r","FEMI","0.00","1","0.0000"
"6","r","PLER","0.00","0","0.0000"
"7","ir","SPAI","0.276612","1","0.0372"
"7","ir","KOMA","0.133750","1","0.0162"
"7","ir","AMME","0.128014","0","0.1005"
"7","ir","CIOC","0.123039","0","0.4104"
"7","ir","HOIN","0.082174","1","0.2178"
"7","ir","RACA","0.074248","0","0.0944"
"7","ir","POSE","0.069817","1","0.0222"
"7","ir","PLER","0.063914","0","0.0554"
"7","ir","ESCA","0.028102","0","0.0171"
"7","ir","ACMI","0.020330","0","0.0019"
"7","dt","LUSU","0.244023","0","3.7198"
"7","dt","PHCI","0.143450","0","0.0659"
"7","dt","SPAI","0.131726","1","0.0177"
"7","dt","ACST","0.109586","0","0.0857"
"7","dt","STPU","0.083483","1","0.2277"
"7","dt","GRCA","0.075869","0","0.0844"
"7","dt","ELGL","0.066680","1","0.1384"
"7","dt","ASFA","0.050920","0","0.1120"
"7","dt","RACA","0.047830","0","0.0608"
"7","dt","MEIM","0.046433","1","0.0250"
"7","fd","GRCA","0.134086","0","0.1491"
"7","fd","ESCA","0.122396","0","0.0746"
"7","fd","CIOC","0.119427","0","0.3984"
"7","fd","LAPL","0.114534","0","0.0376"
"7","fd","SPAI","0.105446","1","0.0142"
"7","fd","ASFA","0.099762","0","0.2194"
"7","fd","POSE","0.098818","1","0.0315"
"7","fd","ELGL","0.077802","1","0.1615"
"7","fd","CAME","0.074338","0","0.0305"
"7","fd","HOBR","0.053390","1","0.0866"
"7","r","RACA","0.41111111","0","0.9291"
"7","r","HOIN","0.22222222","1","1.0472"
"7","r","STPU","0.11111111","1","0.5388"
"7","r","MEIM","0.06666667","1","0.0637"
"7","r","SIBE","0.06666667","0","0.0918"
"7","r","ESCA","0.06666667","0","0.0723"
"7","r","ELCO","0.02222222","1","0.0497"
"7","r","ASFA","0.02222222","0","0.0869"
"7","r","LUMI","0.01111111","0","0.2928"
"7","r","GRCA","0.00000000","0","0.0000"
"8","ir","PHCI","0.317208","0","0.1456"
"8","ir","KOMA","0.136665","1","0.0165"
"8","ir","ARPU","0.105201","1","0.0718"
"8","ir","POSE","0.102353","1","0.0326"
"8","ir","PLER","0.091026","0","0.0789"
"8","ir","TRWI","0.074865","0","0.0851"
"8","ir","ACAM","0.051856","0","0.1062"
"8","ir","STPU","0.046956","1","0.1281"
"8","ir","RACA","0.041707","0","0.0530"
"8","ir","SIBE","0.032164","0","0.0249"
"8","dt","LUMI","0.238896","0","3.5409"
"8","dt","CAME","0.164037","0","0.0674"
"8","dt","PHCI","0.145561","0","0.0668"
"8","dt","ACAM","0.121196","0","0.2481"
"8","dt","KOMA","0.082120","1","0.0099"
"8","dt","ESCA","0.069017","0","0.0421"
"8","dt","HOIN","0.066340","1","0.1759"
"8","dt","BRCA","0.058312","1","0.2260"
"8","dt","HOBR","0.027521","1","0.0446"
"8","dt","TRWI","0.027000","0","0.0307"
"8","fd","CIOC","0.171146","0","0.5709"
"8","fd","POSE","0.161804","1","0.0515"
"8","fd","ACMI","0.117944","0","0.0113"
"8","fd","KOMA","0.098784","1","0.0119"
"8","fd","ELCO","0.082701","1","0.1039"
"8","fd","SIBE","0.079357","0","0.0614"
"8","fd","HOBR","0.078614","1","0.1275"
"8","fd","RACA","0.076050","0","0.0967"
"8","fd","ACST","0.073978","0","0.0578"
"8","fd","DEFA","0.059622","0","0.0225"
"8","r","AMME","0.23076923","0","0.3219"
"8","r","ARPU","0.16923077","1","0.2053"
"8","r","LUBI","0.16923077","0","0.6617"
"8","r","SPAI","0.13846154","1","0.0331"
"8","r","ACMI","0.12307692","0","0.0209"
"8","r","ACST","0.09230769","0","0.1283"
"8","r","ELGL","0.03076923","1","0.1135"
"8","r","LAPL","0.03076923","0","0.0179"
"8","r","LUMI","0.01538462","0","0.4054"
"8","r","MEIM","0.00000000","1","0.0000"
"9","ir","SPAI","0.283062","1","0.0381"
"9","ir","AMME","0.200719","0","0.1575"
"9","ir","KOMA","0.149318","1","0.0181"
"9","ir","ESCA","0.130407","0","0.0795"
"9","ir","ELGL","0.076589","1","0.1590"
"9","ir","HOBR","0.053560","1","0.0869"
"9","ir","LUSU","0.052251","0","0.7965"
"9","ir","ACST","0.034904","0","0.0273"
"9","ir","LUMI","0.010006","0","0.1483"
"9","ir","GRCA","0.009183","0","0.0102"
"9","dt","LUMI","0.349593","0","5.1816"
"9","dt","ACST","0.206754","0","0.1617"
"9","dt","FEMI","0.180170","1","0.1534"
"9","dt","MURI","0.179947","1","0.0205"
"9","dt","ESCA","0.031342","0","0.0191"
"9","dt","DEFA","0.027614","0","0.0104"
"9","dt","HOBR","0.011769","1","0.0191"
"9","dt","TRWI","0.007097","0","0.0081"
"9","dt","LAPL","0.002878","0","0.0009"
"9","dt","POSE","0.002836","1","0.0009"
"9","fd","LUSU","0.191077","0","2.9127"
"9","fd","MURI","0.121254","1","0.0138"
"9","fd","ACMI","0.119526","0","0.0114"
"9","fd","LUBI","0.112186","0","0.2467"
"9","fd","MEIM","0.096312","1","0.0518"
"9","fd","ASFA","0.094890","0","0.2087"
"9","fd","KOMA","0.076941","1","0.0093"
"9","fd","PLER","0.071624","0","0.0620"
"9","fd","ARPU","0.061708","1","0.0421"
"9","fd","RACA","0.054483","0","0.0693"
"9","r","ACST","0.926","0","1.2871"
"9","r","ESCA","0.035","0","0.0379"
"9","r","STPU","0.023","1","0.1115"
"9","r","LUSU","0.008","0","0.2168"
"9","r","MEIM","0.004","1","0.0038"
"9","r","SIBE","0.003","0","0.0041"
"9","r","PHCI","0.001","0","0.0008"
"9","r","KOMA","0.000","1","0.0000"
"9","r","FEMI","0.000","1","0.0000"
"9","r","LAPL","0.000","0","0.0000"
"10","ir","AMME","0.316059","0","0.2480"
"10","ir","KOMA","0.219918","1","0.0266"
"10","ir","LAPL","0.217337","0","0.0713"
"10","ir","HOIN","0.095379","1","0.2528"
"10","ir","CIOC","0.066723","0","0.2226"
"10","ir","ESCA","0.059567","0","0.0363"
"10","ir","MEIM","0.012878","1","0.0069"
"10","ir","LUSU","0.011630","0","0.1773"
"10","ir","ELCO","0.000454","1","0.0006"
"10","ir","LUBI","0.000054","0","0.0001"
"10","dt","CAME","0.290469","0","0.1193"
"10","dt","ACST","0.162734","0","0.1272"
"10","dt","LUMI","0.133779","0","1.9829"
"10","dt","LUSU","0.075162","0","1.1458"
"10","dt","HOIN","0.065634","1","0.1740"
"10","dt","ELGL","0.058868","1","0.1222"
"10","dt","RACA","0.058115","0","0.0739"
"10","dt","POSE","0.057403","1","0.0183"
"10","dt","ASFA","0.049981","0","0.1099"
"10","dt","BRCA","0.047855","1","0.1854"
"10","fd","LUSU","0.180262","0","2.7479"
"10","fd","LAPL","0.176746","0","0.0580"
"10","fd","SPAI","0.126531","1","0.0170"
"10","fd","STPU","0.089039","1","0.2429"
"10","fd","CIOC","0.079280","0","0.2644"
"10","fd","HOIN","0.077872","1","0.2064"
"10","fd","AMME","0.074861","0","0.0587"
"10","fd","CAME","0.071397","0","0.0293"
"10","fd","RACA","0.064370","0","0.0818"
"10","fd","BRCA","0.059643","1","0.2311"
"10","r","GRCA","0.42611684","0","0.8426"
"10","r","ACST","0.26460481","0","0.3678"
"10","r","HOBR","0.07560137","1","0.2180"
"10","r","ASFA","0.07216495","0","0.2822"
"10","r","ACAM","0.07216495","0","0.2627"
"10","r","PLER","0.05498282","0","0.0847"
"10","r","SPAI","0.01374570","1","0.0033"
"10","r","POSE","0.01030928","1","0.0058"
"10","r","AMME","0.01030928","0","0.0144"
"10","r","ELCO","0.00000000","1","0.0000"
"11","ir","MURI","0.447006","1","0.0509"
"11","ir","CIOC","0.325107","0","1.0844"
"11","ir","PLER","0.111640","0","0.0967"
"11","ir","ARPU","0.072717","1","0.0496"
"11","ir","LUSU","0.034546","0","0.5266"
"11","ir","DEFA","0.005933","0","0.0022"
"11","ir","RACA","0.002165","0","0.0028"
"11","ir","SIBE","0.000552","0","0.0004"
"11","ir","STPU","0.000254","1","0.0007"
"11","ir","POSE","0.000079","1","0.0000"
"11","dt","CIOC","0.197323","0","0.6582"
"11","dt","HOIN","0.185957","1","0.4929"
"11","dt","ACAM","0.174682","0","0.3577"
"11","dt","HOBR","0.091950","1","0.1491"
"11","dt","ACST","0.079603","0","0.0622"
"11","dt","AMME","0.070668","0","0.0555"
"11","dt","SIBE","0.061271","0","0.0474"
"11","dt","MEIM","0.059229","1","0.0319"
"11","dt","PHCI","0.046594","0","0.0214"
"11","dt","POSE","0.032723","1","0.0104"
"11","fd","LAPL","0.185190","0","0.0607"
"11","fd","GRCA","0.118796","0","0.1321"
"11","fd","CIOC","0.117151","0","0.3908"
"11","fd","MURI","0.113541","1","0.0129"
"11","fd","ACMI","0.106547","0","0.0102"
"11","fd","FEMI","0.080427","1","0.0685"
"11","fd","ELCO","0.077258","1","0.0971"
"11","fd","ACAM","0.074712","0","0.1530"
"11","fd","BRCA","0.067514","1","0.2616"
"11","fd","ACST","0.058865","0","0.0460"
"11","r","KOMA","0.422885572","1","0.0909"
"11","r","BRCA","0.184079602","1","1.2681"
"11","r","PHCI","0.159203980","0","0.1300"
"11","r","DEFA","0.104477612","0","0.0702"
"11","r","CAME","0.084577114","0","0.0617"
"11","r","ACMI","0.039800995","0","0.0068"
"11","r","FEMI","0.004975124","1","0.0075"
"11","r","POSE","0.000000000","1","0.0000"
"11","r","AMME","0.000000000","0","0.0000"
"11","r","ACST","0.000000000","0","0.0000"
"12","ir","AMME","0.257217","0","0.2018"
"12","ir","SPAI","0.195153","1","0.0262"
"12","ir","ACAM","0.145566","0","0.2980"
"12","ir","KOMA","0.135490","1","0.0164"
"12","ir","MURI","0.097530","1","0.0111"
"12","ir","LAPL","0.078881","0","0.0259"
"12","ir","SIBE","0.028484","0","0.0221"
"12","ir","ACMI","0.026228","0","0.0025"
"12","ir","ELCO","0.018443","1","0.0232"
"12","ir","ESCA","0.017008","0","0.0104"
"12","dt","ASFA","0.216775","0","0.4768"
"12","dt","CIOC","0.210893","0","0.7035"
"12","dt","STPU","0.154143","1","0.4204"
"12","dt","GRCA","0.083977","0","0.0934"
"12","dt","ARPU","0.075828","1","0.0517"
"12","dt","PLER","0.072411","0","0.0627"
"12","dt","AMME","0.068811","0","0.0540"
"12","dt","MEIM","0.058177","1","0.0313"
"12","dt","CAME","0.044284","0","0.0182"
"12","dt","KOMA","0.014700","1","0.0018"
"12","fd","ASFA","0.136086","0","0.2993"
"12","fd","ESCA","0.131793","0","0.0804"
"12","fd","PHCI","0.128534","0","0.0590"
"12","fd","TRWI","0.116543","0","0.1324"
"12","fd","MURI","0.116236","1","0.0132"
"12","fd","SIBE","0.087370","0","0.0676"
"12","fd","PLER","0.075504","0","0.0654"
"12","fd","STPU","0.073616","1","0.2008"
"12","fd","HOBR","0.069245","1","0.1123"
"12","fd","ARPU","0.065073","1","0.0444"
"12","r","AMME","0.300813008","0","0.4196"
"12","r","GRCA","0.276422764","0","0.5466"
"12","r","MEIM","0.260162602","1","0.2487"
"12","r","PHCI","0.073170732","0","0.0597"
"12","r","ESCA","0.048780488","0","0.0529"
"12","r","ARPU","0.024390244","1","0.0296"
"12","r","MURI","0.008130081","1","0.0016"
"12","r","TRWI","0.008130081","0","0.0164"
"12","r","BRCA","0.000000000","1","0.0000"
"12","r","RACA","0.000000000","0","0.0000"
"13","ir","SPAI","0.366350","1","0.0493"
"13","ir","AMME","0.329372","0","0.2585"
"13","ir","ACMI","0.115428","0","0.0110"
"13","ir","LAPL","0.065239","0","0.0214"
"13","ir","ELCO","0.040445","1","0.0508"
"13","ir","BRCA","0.035116","1","0.1361"
"13","ir","ELGL","0.017938","1","0.0372"
"13","ir","RACA","0.016865","0","0.0214"
"13","ir","GRCA","0.009747","0","0.0108"
"13","ir","LUBI","0.003500","0","0.0077"
"13","dt","LUSU","0.193765","0","2.9537"
"13","dt","FEMI","0.138933","1","0.1183"
"13","dt","LUBI","0.132348","0","0.2911"
"13","dt","ACAM","0.090019","0","0.1843"
"13","dt","MURI","0.090000","1","0.0103"
"13","dt","AMME","0.086901","0","0.0682"
"13","dt","ASFA","0.083263","0","0.1831"
"13","dt","ELGL","0.082825","1","0.1719"
"13","dt","DEFA","0.051163","0","0.0193"
"13","dt","KOMA","0.050783","1","0.0061"
"13","fd","LUMI","0.204972","0","3.0381"
"13","fd","ACMI","0.138477","0","0.0132"
"13","fd","SPAI","0.136962","1","0.0184"
"13","fd","LUSU","0.113051","0","1.7233"
"13","fd","PHCI","0.091046","0","0.0418"
"13","fd","FEMI","0.082296","1","0.0701"
"13","fd","STPU","0.069017","1","0.1882"
"13","fd","HOIN","0.063742","1","0.1690"
"13","fd","RACA","0.051967","0","0.0661"
"13","fd","ACAM","0.048470","0","0.0992"
"13","r","ACAM","0.5938343834","0","2.1616"
"13","r","LUBI","0.2018451845","0","0.7892"
"13","r","ACMI","0.1597659766","0","0.0272"
"13","r","MEIM","0.0220522052","1","0.0211"
"13","r","ASFA","0.0139513951","0","0.0545"
"13","r","ARPU","0.0038253825","1","0.0046"
"13","r","GRCA","0.0029252925","0","0.0058"
"13","r","STPU","0.0011251125","1","0.0055"
"13","r","BRCA","0.0006750675","1","0.0047"
"13","r","DEFA","0.0000000000","0","0.0000"
"14","ir","KOMA","0.629747","1","0.0762"
"14","ir","CAME","0.235778","0","0.0968"
"14","ir","ARPU","0.077825","1","0.0531"
"14","ir","AMME","0.035096","0","0.0275"
"14","ir","HOBR","0.012912","1","0.0209"
"14","ir","ELCO","0.005764","1","0.0072"
"14","ir","ACST","0.002810","0","0.0022"
"14","ir","ASFA","0.000060","0","0.0001"
"14","ir","GRCA","0.000005","0","0.0000"
"14","ir","LUSU","0.000004","0","0.0001"
"14","dt","ACAM","0.194136","0","0.3975"
"14","dt","AMME","0.184797","0","0.1450"
"14","dt","LUBI","0.178343","0","0.3922"
"14","dt","HOIN","0.143775","1","0.3811"
"14","dt","ACST","0.091679","0","0.0717"
"14","dt","ELGL","0.083408","1","0.1731"
"14","dt","GRCA","0.065275","0","0.0726"
"14","dt","ASFA","0.043457","0","0.0956"
"14","dt","KOMA","0.011956","1","0.0014"
"14","dt","POSE","0.003173","1","0.0010"
"14","fd","LUMI","0.221969","0","3.2900"
"14","fd","SPAI","0.129299","1","0.0174"
"14","fd","ACMI","0.122385","0","0.0117"
"14","fd","PHCI","0.103357","0","0.0475"
"14","fd","MEIM","0.089851","1","0.0483"
"14","fd","CIOC","0.082207","0","0.2742"
"14","fd","ASFA","0.078445","0","0.1725"
"14","fd","STPU","0.062973","1","0.1718"
"14","fd","HOBR","0.057033","1","0.0925"
"14","fd","ACST","0.052481","0","0.0410"
"14","r","DEFA","0.9587884806","0","0.6444"
"14","r","LAPL","0.0143992056","0","0.0084"
"14","r","HOIN","0.0089374379","1","0.0421"
"14","r","ARPU","0.0054617676","1","0.0066"
"14","r","ACMI","0.0054617676","0","0.0009"
"14","r","MURI","0.0029791460","1","0.0006"
"14","r","TRWI","0.0029791460","0","0.0060"
"14","r","ACST","0.0009930487","0","0.0014"
"14","r","SPAI","0.0000000000","1","0.0000"
"14","r","ASFA","0.0000000000","0","0.0000"
"15","ir","PHCI","0.320994","0","0.1474"
"15","ir","MURI","0.179844","1","0.0205"
"15","ir","SPAI","0.125488","1","0.0169"
"15","ir","STPU","0.105523","1","0.2878"
"15","ir","GRCA","0.070382","0","0.0783"
"15","ir","HOBR","0.062765","1","0.1018"
"15","ir","LAPL","0.041681","0","0.0137"
"15","ir","LUSU","0.036521","0","0.5567"
"15","ir","LUBI","0.034947","0","0.0769"
"15","ir","ASFA","0.021856","0","0.0481"
"15","dt","LUSU","0.242319","0","3.6939"
"15","dt","ACST","0.208471","0","0.1630"
"15","dt","KOMA","0.158056","1","0.0191"
"15","dt","GRCA","0.094395","0","0.1050"
"15","dt","STPU","0.082317","1","0.2245"
"15","dt","SIBE","0.081545","0","0.0631"
"15","dt","HOIN","0.080779","1","0.2141"
"15","dt","ELCO","0.030150","1","0.0379"
"15","dt","TRWI","0.012055","0","0.0137"
"15","dt","LAPL","0.009913","0","0.0033"
"15","fd","LAPL","0.155050","0","0.0508"
"15","fd","ACMI","0.126082","0","0.0121"
"15","fd","PHCI","0.120483","0","0.0553"
"15","fd","MURI","0.103681","1","0.0118"
"15","fd","ELGL","0.097196","1","0.2017"
"15","fd","ACAM","0.095593","0","0.1957"
"15","fd","MEIM","0.086473","1","0.0465"
"15","fd","ACST","0.079983","0","0.0625"
"15","fd","HOBR","0.072276","1","0.1172"
"15","fd","DEFA","0.063183","0","0.0239"
"15","r","MURI","0.54271357","1","0.1099"
"15","r","DEFA","0.13567839","0","0.0912"
"15","r","HOBR","0.11055276","1","0.3188"
"15","r","ARPU","0.07537688","1","0.0914"
"15","r","ELGL","0.03517588","1","0.1298"
"15","r","GRCA","0.03015075","0","0.0596"
"15","r","LUMI","0.03015075","0","0.7945"
"15","r","ACAM","0.02512563","0","0.0915"
"15","r","LAPL","0.01507538","0","0.0088"
"15","r","ACMI","0.00000000","0","0.0000"
"16","ir","SPAI","0.339599","1","0.0457"
"16","ir","HOIN","0.246098","1","0.6524"
"16","ir","CIOC","0.181974","0","0.6070"
"16","ir","ESCA","0.067155","0","0.0409"
"16","ir","LAPL","0.063583","0","0.0209"
"16","ir","BRCA","0.047919","1","0.1857"
"16","ir","ACST","0.027051","0","0.0212"
"16","ir","ELCO","0.010876","1","0.0137"
"16","ir","ASFA","0.008107","0","0.0178"
"16","ir","LUBI","0.007637","0","0.0168"
"16","dt","LUSU","0.267031","0","4.0706"
"16","dt","PHCI","0.201594","0","0.0926"
"16","dt","FEMI","0.174419","1","0.1485"
"16","dt","ACMI","0.089898","0","0.0086"
"16","dt","BRCA","0.067877","1","0.2630"
"16","dt","ESCA","0.056972","0","0.0347"
"16","dt","ASFA","0.045900","0","0.1010"
"16","dt","ELCO","0.043072","1","0.0541"
"16","dt","MEIM","0.029003","1","0.0156"
"16","dt","TRWI","0.024234","0","0.0275"
"16","fd","LUBI","0.150487","0","0.3310"
"16","fd","ESCA","0.127030","0","0.0775"
"16","fd","LAPL","0.114437","0","0.0375"
"16","fd","SPAI","0.114230","1","0.0154"
"16","fd","AMME","0.103403","0","0.0811"
"16","fd","POSE","0.100445","1","0.0320"
"16","fd","TRWI","0.078952","0","0.0897"
"16","fd","ACAM","0.078629","0","0.1610"
"16","fd","STPU","0.067636","1","0.1845"
"16","fd","BRCA","0.064752","1","0.2509"
"16","r","ESCA","0.45205479","0","0.4900"
"16","r","FEMI","0.21917808","1","0.3318"
"16","r","SIBE","0.17808219","0","0.2451"
"16","r","BRCA","0.06849315","1","0.4718"
"16","r","LAPL","0.02739726","0","0.0160"
"16","r","CIOC","0.02739726","0","0.1625"
"16","r","STPU","0.01369863","1","0.0664"
"16","r","ELCO","0.01369863","1","0.0306"
"16","r","LUMI","0.00000000","0","0.0000"
"16","r","LUSU","0.00000000","0","0.0000"
"17","ir","SPAI","0.385773","1","0.0519"
"17","ir","AMME","0.272812","0","0.2141"
"17","ir","ACMI","0.107948","0","0.0103"
"17","ir","ARPU","0.086827","1","0.0592"
"17","ir","STPU","0.080000","1","0.2182"
"17","ir","TRWI","0.021783","0","0.0248"
"17","ir","ELGL","0.016171","1","0.0336"
"17","ir","RACA","0.015075","0","0.0192"
"17","ir","GRCA","0.008576","0","0.0095"
"17","ir","LUSU","0.005033","0","0.0767"
"17","dt","LUMI","0.245081","0","3.6326"
"17","dt","CIOC","0.153912","0","0.5134"
"17","dt","MURI","0.151288","1","0.0172"
"17","dt","LUBI","0.100952","0","0.2220"
"17","dt","ARPU","0.097529","1","0.0665"
"17","dt","ELGL","0.060354","1","0.1253"
"17","dt","SIBE","0.059735","0","0.0462"
"17","dt","KOMA","0.058225","1","0.0070"
"17","dt","DEFA","0.043145","0","0.0163"
"17","dt","TRWI","0.029780","0","0.0338"
"17","fd","POSE","0.143640","1","0.0457"
"17","fd","ASFA","0.129081","0","0.2839"
"17","fd","CIOC","0.120847","0","0.4031"
"17","fd","ACMI","0.117436","0","0.0112"
"17","fd","PHCI","0.114395","0","0.0525"
"17","fd","MURI","0.100021","1","0.0114"
"17","fd","STPU","0.076709","1","0.2092"
"17","fd","KOMA","0.068032","1","0.0082"
"17","fd","RACA","0.065631","0","0.0834"
"17","fd","ACST","0.064207","0","0.0502"
"17","r","MEIM","0.556737589","1","0.5322"
"17","r","AMME","0.198581560","0","0.2770"
"17","r","CIOC","0.074468085","0","0.4416"
"17","r","BRCA","0.063829787","1","0.4397"
"17","r","ACAM","0.046099291","0","0.1678"
"17","r","KOMA","0.028368794","1","0.0061"
"17","r","LUBI","0.014184397","0","0.0555"
"17","r","GRCA","0.010638298","0","0.0210"
"17","r","CAME","0.007092199","0","0.0052"
"17","r","HOBR","0.000000000","1","0.0000"
"18","ir","MURI","0.499230","1","0.0569"
"18","ir","CIOC","0.407026","0","1.3577"
"18","ir","ACAM","0.062150","0","0.1273"
"18","ir","ACMI","0.021421","0","0.0020"
"18","ir","HOBR","0.004953","1","0.0080"
"18","ir","STPU","0.003663","1","0.0100"
"18","ir","LAPL","0.000861","0","0.0003"
"18","ir","POSE","0.000406","1","0.0001"
"18","ir","TRWI","0.000234","0","0.0003"
"18","ir","LUMI","0.000056","0","0.0008"
"18","dt","FEMI","0.154878","1","0.1319"
"18","dt","HOBR","0.143555","1","0.2328"
"18","dt","LUSU","0.131915","0","2.0109"
"18","dt","ARPU","0.105563","1","0.0720"
"18","dt","SIBE","0.099411","0","0.0770"
"18","dt","ACAM","0.095418","0","0.1954"
"18","dt","BRCA","0.073895","1","0.2863"
"18","dt","PHCI","0.071899","0","0.0330"
"18","dt","AMME","0.062830","0","0.0493"
"18","dt","PLER","0.060636","0","0.0525"
"18","fd","LUBI","0.147544","0","0.3245"
"18","fd","ACMI","0.124632","0","0.0119"
"18","fd","TRWI","0.119289","0","0.1355"
"18","fd","CIOC","0.110477","0","0.3685"
"18","fd","MEIM","0.094372","1","0.0507"
"18","fd","FEMI","0.090958","1","0.0775"
"18","fd","AMME","0.085765","0","0.0673"
"18","fd","KOMA","0.085260","1","0.0103"
"18","fd","ELGL","0.083826","1","0.1740"
"18","fd","RACA","0.057875","0","0.0736"
"18","r","ACAM","0.438888889","0","1.5976"
"18","r","DEFA","0.305555556","0","0.2054"
"18","r","POSE","0.116666667","1","0.0660"
"18","r","LUBI","0.072222222","0","0.2824"
"18","r","PHCI","0.022222222","0","0.0181"
"18","r","FEMI","0.016666667","1","0.0252"
"18","r","SPAI","0.011111111","1","0.0027"
"18","r","GRCA","0.011111111","0","0.0220"
"18","r","PLER","0.005555556","0","0.0086"
"18","r","HOIN","0.000000000","1","0.0000"
"19","ir","PHCI","0.405627","0","0.1862"
"19","ir","TRWI","0.219193","0","0.2491"
"19","ir","MEIM","0.119636","1","0.0643"
"19","ir","PLER","0.079407","0","0.0688"
"19","ir","CIOC","0.048445","0","0.1616"
"19","ir","STPU","0.047566","1","0.1297"
"19","ir","BRCA","0.040591","1","0.1573"
"19","ir","ELCO","0.019102","1","0.0240"
"19","ir","ACMI","0.017823","0","0.0017"
"19","ir","LUBI","0.002611","0","0.0057"
"19","dt","LUMI","0.278790","0","4.1322"
"19","dt","CAME","0.175287","0","0.0720"
"19","dt","FEMI","0.160317","1","0.1365"
"19","dt","PHCI","0.156988","0","0.0721"
"19","dt","BRCA","0.066463","1","0.2575"
"19","dt","ACMI","0.062338","0","0.0060"
"19","dt","ASFA","0.043371","0","0.0954"
"19","dt","HOBR","0.023160","1","0.0376"
"19","dt","TRWI","0.021725","0","0.0247"
"19","dt","POSE","0.011561","1","0.0037"
"19","fd","TRWI","0.153083","0","0.1739"
"19","fd","ESCA","0.143649","0","0.0876"
"19","fd","GRCA","0.132946","0","0.1479"
"19","fd","CAME","0.094383","0","0.0388"
"19","fd","ACAM","0.088530","0","0.1813"
"19","fd","HOIN","0.087691","1","0.2324"
"19","fd","ARPU","0.081499","1","0.0556"
"19","fd","ELCO","0.079063","1","0.0994"
"19","fd","BRCA","0.072380","1","0.2805"
"19","fd","DEFA","0.066776","0","0.0252"
"19","r","ACST","0.381578947","0","0.5304"
"19","r","ESCA","0.375000000","0","0.4065"
"19","r","HOIN","0.098684211","1","0.4650"
"19","r","PLER","0.046052632","0","0.0709"
"19","r","POSE","0.039473684","1","0.0223"
"19","r","ACAM","0.032894737","0","0.1197"
"19","r","KOMA","0.019736842","1","0.0042"
"19","r","AMME","0.006578947","0","0.0092"
"19","r","ARPU","0.000000000","1","0.0000"
"19","r","LUBI","0.000000000","0","0.0000"
"20","ir","PHCI","0.384488","0","0.1765"
"20","ir","ELCO","0.141686","1","0.1781"
"20","ir","SPAI","0.136955","1","0.0184"
"20","ir","POSE","0.106445","1","0.0339"
"20","ir","CIOC","0.092084","0","0.3072"
"20","ir","BRCA","0.067380","1","0.2611"
"20","ir","LUBI","0.028304","0","0.0623"
"20","ir","TRWI","0.023942","0","0.0272"
"20","ir","ASFA","0.015209","0","0.0335"
"20","ir","LUMI","0.003507","0","0.0520"
"20","dt","LUSU","0.228021","0","3.4759"
"20","dt","RACA","0.117593","0","0.1495"
"20","dt","ELGL","0.107770","1","0.2237"
"20","dt","STPU","0.106302","1","0.2899"
"20","dt","SIBE","0.093958","0","0.0727"
"20","dt","MURI","0.092636","1","0.0106"
"20","dt","GRCA","0.081657","0","0.0908"
"20","dt","KOMA","0.063111","1","0.0076"
"20","dt","ACST","0.059204","0","0.0463"
"20","dt","CAME","0.049748","0","0.0204"
"20","fd","LUMI","0.225591","0","3.3437"
"20","fd","ESCA","0.178391","0","0.1088"
"20","fd","AMME","0.096379","0","0.0756"
"20","fd","LUBI","0.094204","0","0.2072"
"20","fd","ARPU","0.077881","1","0.0531"
"20","fd","ELGL","0.076780","1","0.1594"
"20","fd","DEFA","0.072692","0","0.0275"
"20","fd","STPU","0.065334","1","0.1782"
"20","fd","BRCA","0.058163","1","0.2254"
"20","fd","RACA","0.054585","0","0.0694"
"20","r","SIBE","0.804958678","0","1.1078"
"20","r","LUSU","0.132231405","0","3.5835"
"20","r","ASFA","0.047933884","0","0.1874"
"20","r","LAPL","0.008264463","0","0.0048"
"20","r","ELGL","0.003305785","1","0.0122"
"20","r","LUBI","0.003305785","0","0.0129"
"20","r","HOIN","0.000000000","1","0.0000"
"20","r","ARPU","0.000000000","1","0.0000"
"20","r","HOBR","0.000000000","1","0.0000"
"20","r","ACAM","0.000000000","0","0.0000"
"21","ir","SPAI","0.246262","1","0.0331"
"21","ir","MURI","0.190883","1","0.0217"
"21","ir","AMME","0.135529","0","0.1063"
"21","ir","FEMI","0.109038","1","0.0929"
"21","ir","PLER","0.091006","0","0.0788"
"21","ir","ELGL","0.088443","1","0.1836"
"21","ir","LUSU","0.059563","0","0.9080"
"21","ir","ACMI","0.039056","0","0.0037"
"21","ir","ASFA","0.026094","0","0.0574"
"21","ir","GRCA","0.014125","0","0.0157"
"21","dt","LUBI","0.207358","0","0.4561"
"21","dt","BRCA","0.124712","1","0.4833"
"21","dt","CIOC","0.117073","0","0.3905"
"21","dt","ACAM","0.102392","0","0.2096"
"21","dt","STPU","0.096516","1","0.2632"
"21","dt","MURI","0.091612","1","0.0104"
"21","dt","ELGL","0.081602","1","0.1694"
"21","dt","ACST","0.069521","0","0.0544"
"21","dt","SIBE","0.065402","0","0.0506"
"21","dt","DEFA","0.043811","0","0.0166"
"21","fd","LUBI","0.144845","0","0.3186"
"21","fd","LAPL","0.144204","0","0.0473"
"21","fd","GRCA","0.131654","0","0.1464"
"21","fd","POSE","0.125692","1","0.0400"
"21","fd","AMME","0.096878","0","0.0760"
"21","fd","KOMA","0.077105","1","0.0093"
"21","fd","PLER","0.076660","0","0.0664"
"21","fd","CAME","0.073232","0","0.0301"
"21","fd","HOBR","0.065832","1","0.1068"
"21","fd","ARPU","0.063898","1","0.0436"
"21","r","BRCA","0.75280899","1","5.1860"
"21","r","MURI","0.07865169","1","0.0159"
"21","r","LAPL","0.06179775","0","0.0360"
"21","r","LUSU","0.03932584","0","1.0657"
"21","r","PHCI","0.01685393","0","0.0138"
"21","r","LUBI","0.01685393","0","0.0659"
"21","r","SPAI","0.01123596","1","0.0027"
"21","r","DEFA","0.01123596","0","0.0076"
"21","r","CIOC","0.01123596","0","0.0666"
"21","r","HOBR","0.00000000","1","0.0000"
"22","ir","KOMA","0.545320","1","0.0659"
"22","ir","CAME","0.330070","0","0.1355"
"22","ir","ARPU","0.117989","1","0.0805"
"22","ir","POSE","0.003071","1","0.0010"
"22","ir","LUSU","0.002644","0","0.0403"
"22","ir","MEIM","0.000862","1","0.0005"
"22","ir","ACST","0.000034","0","0.0000"
"22","ir","ACMI","0.000010","0","0.0000"
"22","ir","GRCA","0.000000","0","0.0000"
"22","ir","ASFA","0.000000","0","0.0000"
"22","dt","ACAM","0.553254","0","1.1328"
"22","dt","SIBE","0.321629","0","0.2490"
"22","dt","LUSU","0.035807","0","0.5458"
"22","dt","ELGL","0.034490","1","0.0716"
"22","dt","RACA","0.019597","0","0.0249"
"22","dt","MEIM","0.017561","1","0.0094"
"22","dt","ELCO","0.010331","1","0.0130"
"22","dt","POSE","0.003600","1","0.0011"
"22","dt","LAPL","0.002947","0","0.0010"
"22","dt","TRWI","0.000783","0","0.0009"
"22","fd","LUBI","0.163274","0","0.3591"
"22","fd","CIOC","0.127255","0","0.4245"
"22","fd","MEIM","0.121444","1","0.0653"
"22","fd","FEMI","0.103189","1","0.0879"
"22","fd","CAME","0.088967","0","0.0365"
"22","fd","HOBR","0.087961","1","0.1427"
"22","fd","SIBE","0.087335","0","0.0676"
"22","fd","ARPU","0.081049","1","0.0553"
"22","fd","RACA","0.071764","0","0.0912"
"22","fd","ACST","0.067762","0","0.0530"
"22","r","HOIN","0.48418491","1","2.2817"
"22","r","CAME","0.20316302","0","0.1483"
"22","r","AMME","0.11922141","0","0.1663"
"22","r","TRWI","0.11313869","0","0.2285"
"22","r","ESCA","0.02189781","0","0.0237"
"22","r","ELGL","0.01824818","1","0.0673"
"22","r","PHCI","0.01459854","0","0.0119"
"22","r","SPAI","0.01094891","1","0.0026"
"22","r","POSE","0.00729927","1","0.0041"
"22","r","GRCA","0.00729927","0","0.0144"
"23","ir","SPAI","0.421432","1","0.0567"
"23","ir","FEMI","0.173717","1","0.1479"
"23","ir","HOIN","0.105620","1","0.2800"
"23","ir","CIOC","0.081577","0","0.2721"
"23","ir","ELGL","0.063943","1","0.1327"
"23","ir","ACAM","0.047297","0","0.0968"
"23","ir","ACST","0.042873","0","0.0335"
"23","ir","SIBE","0.036745","0","0.0284"
"23","ir","ASFA","0.017596","0","0.0387"
"23","ir","GRCA","0.009199","0","0.0102"
"23","dt","LUSU","0.296842","0","4.5250"
"23","dt","PHCI","0.209854","0","0.0964"
"23","dt","ACMI","0.114261","0","0.0109"
"23","dt","GRCA","0.099217","0","0.1104"
"23","dt","SIBE","0.079616","0","0.0616"
"23","dt","ELGL","0.076269","1","0.1583"
"23","dt","ELCO","0.045693","1","0.0574"
"23","dt","HOBR","0.029434","1","0.0477"
"23","dt","TRWI","0.026368","0","0.0300"
"23","dt","POSE","0.022445","1","0.0071"
"23","fd","LUMI","0.213427","0","3.1634"
"23","fd","LAPL","0.127392","0","0.0418"
"23","fd","ESCA","0.113300","0","0.0691"
"23","fd","SPAI","0.108333","1","0.0146"
"23","fd","ACMI","0.101415","0","0.0097"
"23","fd","LUBI","0.086875","0","0.1911"
"23","fd","FEMI","0.072866","1","0.0621"
"23","fd","HOIN","0.063442","1","0.1682"
"23","fd","ELGL","0.059759","1","0.1240"
"23","fd","ACAM","0.053192","0","0.1089"
"23","r","ESCA","0.807385230","0","0.8752"
"23","r","HOBR","0.120758483","1","0.3482"
"23","r","ARPU","0.021956088","1","0.0266"
"23","r","LUSU","0.018962076","0","0.5139"
"23","r","CAME","0.013972056","0","0.0102"
"23","r","ELGL","0.011976048","1","0.0442"
"23","r","ACAM","0.002994012","0","0.0109"
"23","r","BRCA","0.001996008","1","0.0138"
"23","r","TRWI","0.000000000","0","0.0000"
"23","r","PHCI","0.000000000","0","0.0000"
"24","ir","PHCI","0.188815","0","0.0867"
"24","ir","CIOC","0.148045","0","0.4938"
"24","ir","SPAI","0.127506","1","0.0171"
"24","ir","ARPU","0.119898","1","0.0818"
"24","ir","CAME","0.110045","0","0.0452"
"24","ir","MURI","0.090530","1","0.0103"
"24","ir","ASFA","0.074562","0","0.1640"
"24","ir","SIBE","0.054957","0","0.0425"
"24","ir","POSE","0.047737","1","0.0152"
"24","ir","ESCA","0.037905","0","0.0231"
"24","dt","LUMI","0.277297","0","4.1101"
"24","dt","CIOC","0.117587","0","0.3922"
"24","dt","MURI","0.110308","1","0.0126"
"24","dt","LUBI","0.110282","0","0.2426"
"24","dt","AMME","0.089465","0","0.0702"
"24","dt","ARPU","0.088391","1","0.0603"
"24","dt","HOBR","0.053488","1","0.0868"
"24","dt","ACMI","0.053373","0","0.0051"
"24","dt","KOMA","0.050525","1","0.0061"
"24","dt","DEFA","0.049284","0","0.0186"
"24","fd","ASFA","0.174890","0","0.3846"
"24","fd","PHCI","0.116932","0","0.0537"
"24","fd","CIOC","0.110142","0","0.3674"
"24","fd","KOMA","0.103204","1","0.0125"
"24","fd","FEMI","0.101853","1","0.0867"
"24","fd","STPU","0.088900","1","0.2425"
"24","fd","DEFA","0.084043","0","0.0318"
"24","fd","AMME","0.078395","0","0.0615"
"24","fd","ACST","0.072879","0","0.0570"
"24","fd","ARPU","0.068762","1","0.0469"
"24","r","ELGL","0.345360825","1","1.2744"
"24","r","RACA","0.257731959","0","0.5825"
"24","r","HOBR","0.206185567","1","0.5945"
"24","r","DEFA","0.072164948","0","0.0485"
"24","r","CAME","0.054123711","0","0.0395"
"24","r","AMME","0.033505155","0","0.0467"
"24","r","TRWI","0.018041237","0","0.0364"
"24","r","GRCA","0.007731959","0","0.0153"
"24","r","HOIN","0.002577320","1","0.0121"
"24","r","STPU","0.002577320","1","0.0125"
"25","ir","PHCI","0.359745","0","0.1652"
"25","ir","POSE","0.188696","1","0.0601"
"25","ir","ELGL","0.187553","1","0.3893"
"25","ir","PLER","0.064767","0","0.0561"
"25","ir","FEMI","0.060725","1","0.0517"
"25","ir","DEFA","0.042029","0","0.0159"
"25","ir","ACST","0.036005","0","0.0282"
"25","ir","STPU","0.035713","1","0.0974"
"25","ir","SIBE","0.013553","0","0.0105"
"25","ir","LUBI","0.011214","0","0.0247"
"25","dt","LUSU","0.186214","0","2.8386"
"25","dt","FEMI","0.147135","1","0.1253"
"25","dt","ACAM","0.099417","0","0.2036"
"25","dt","CAME","0.097937","0","0.0402"
"25","dt","ARPU","0.095264","1","0.0650"
"25","dt","ASFA","0.088079","0","0.1937"
"25","dt","STPU","0.077328","1","0.2109"
"25","dt","KOMA","0.071483","1","0.0086"
"25","dt","SIBE","0.070122","0","0.0543"
"25","dt","RACA","0.067019","0","0.0852"
"25","fd","LUMI","0.220733","0","3.2717"
"25","fd","POSE","0.145926","1","0.0465"
"25","fd","KOMA","0.093536","1","0.0113"
"25","fd","CIOC","0.091744","0","0.3060"
"25","fd","AMME","0.090397","0","0.0709"
"25","fd","MEIM","0.085722","1","0.0461"
"25","fd","SIBE","0.075997","0","0.0588"
"25","fd","ASFA","0.073082","0","0.1607"
"25","fd","ELCO","0.067884","1","0.0853"
"25","fd","ACAM","0.054979","0","0.1126"
"25","r","LAPL","0.41666667","0","0.2429"
"25","r","BRCA","0.25000000","1","1.7222"
"25","r","RACA","0.08333333","0","0.1883"
"25","r","ACMI","0.06944444","0","0.0118"
"25","r","CAME","0.06944444","0","0.0507"
"25","r","LUMI","0.05555556","0","1.4639"
"25","r","POSE","0.02777778","1","0.0157"
"25","r","HOBR","0.02777778","1","0.0801"
"25","r","FEMI","0.00000000","1","0.0000"
"25","r","PLER","0.00000000","0","0.0000"
"26","ir","CAME","0.339283","0","0.1393"
"26","ir","SPAI","0.267626","1","0.0360"
"26","ir","PLER","0.195512","0","0.1694"
"26","ir","ARPU","0.075712","1","0.0517"
"26","ir","LUSU","0.040159","0","0.6122"
"26","ir","ELGL","0.031857","1","0.0661"
"26","ir","MEIM","0.019890","1","0.0107"
"26","ir","SIBE","0.018907","0","0.0146"
"26","ir","ACST","0.007605","0","0.0059"
"26","ir","LAPL","0.003448","0","0.0011"
"26","dt","LUMI","0.178758","0","2.6495"
"26","dt","CIOC","0.161395","0","0.5384"
"26","dt","SPAI","0.158149","1","0.0213"
"26","dt","LUSU","0.128079","0","1.9524"
"26","dt","ACST","0.116445","0","0.0910"
"26","dt","KOMA","0.103009","1","0.0125"
"26","dt","ESCA","0.067370","0","0.0411"
"26","dt","RACA","0.041197","0","0.0524"
"26","dt","HOBR","0.023163","1","0.0376"
"26","dt","POSE","0.022437","1","0.0071"
"26","fd","LAPL","0.175231","0","0.0575"
"26","fd","LUBI","0.134016","0","0.2948"
"26","fd","AMME","0.117030","0","0.0918"
"26","fd","MEIM","0.099040","1","0.0533"
"26","fd","SIBE","0.093400","0","0.0723"
"26","fd","ASFA","0.092815","0","0.2041"
"26","fd","HOIN","0.087035","1","0.2307"
"26","fd","ELGL","0.082966","1","0.1722"
"26","fd","BRCA","0.064398","1","0.2495"
"26","fd","RACA","0.054068","0","0.0687"
"26","r","LAPL","0.23456790","0","0.1368"
"26","r","ESCA","0.22222222","0","0.2409"
"26","r","PLER","0.17283951","0","0.2662"
"26","r","CIOC","0.14814815","0","0.8785"
"26","r","SPAI","0.08641975","1","0.0207"
"26","r","HOIN","0.04938272","1","0.2327"
"26","r","ELCO","0.03703704","1","0.0828"
"26","r","ACST","0.02469136","0","0.0343"
"26","r","BRCA","0.01234568","1","0.0850"
"26","r","LUSU","0.01234568","0","0.3346"
"27","ir","PHCI","0.260490","0","0.1196"
"27","ir","ARPU","0.112536","1","0.0768"
"27","ir","AMME","0.108746","0","0.0853"
"27","ir","TRWI","0.107310","0","0.1219"
"27","ir","CAME","0.107033","0","0.0440"
"27","ir","POSE","0.105914","1","0.0337"
"27","ir","FEMI","0.077998","1","0.0664"
"27","ir","HOBR","0.067587","1","0.1096"
"27","ir","ACST","0.038002","0","0.0297"
"27","ir","LUBI","0.014384","0","0.0316"
"27","dt","LUSU","0.234646","0","3.5769"
"27","dt","MURI","0.105079","1","0.0120"
"27","dt","MEIM","0.098739","1","0.0531"
"27","dt","ACAM","0.094376","0","0.1932"
"27","dt","STPU","0.090147","1","0.2459"
"27","dt","CIOC","0.090062","0","0.3004"
"27","dt","TRWI","0.086273","0","0.0980"
"27","dt","SIBE","0.074383","0","0.0576"
"27","dt","CAME","0.069186","0","0.0284"
"27","dt","KOMA","0.057109","1","0.0069"
"27","fd","LAPL","0.186847","0","0.0613"
"27","fd","GRCA","0.129257","0","0.1438"
"27","fd","TRWI","0.108219","0","0.1230"
"27","fd","ACAM","0.102954","0","0.2108"
"27","fd","MEIM","0.095256","1","0.0512"
"27","fd","SIBE","0.081958","0","0.0634"
"27","fd","BRCA","0.079548","1","0.3082"
"27","fd","ACST","0.074243","0","0.0580"
"27","fd","ELCO","0.071213","1","0.0895"
"27","fd","STPU","0.070504","1","0.1923"
"27","r","ASFA","0.22826087","0","0.8925"
"27","r","CIOC","0.22826087","0","1.3536"
"27","r","DEFA","0.19565217","0","0.1315"
"27","r","STPU","0.14130435","1","0.6852"
"27","r","SPAI","0.13043478","1","0.0312"
"27","r","PHCI","0.03260870","0","0.0266"
"27","r","ACST","0.02173913","0","0.0302"
"27","r","MEIM","0.01086957","1","0.0104"
"27","r","HOBR","0.01086957","1","0.0313"
"27","r","LUBI","0.00000000","0","0.0000"
"28","ir","PHCI","0.276157","0","0.1268"
"28","ir","SPAI","0.172065","1","0.0231"
"28","ir","HOIN","0.139748","1","0.3704"
"28","ir","LAPL","0.085285","0","0.0280"
"28","ir","POSE","0.082752","1","0.0263"
"28","ir","SIBE","0.066885","0","0.0518"
"28","ir","ACST","0.056739","0","0.0444"
"28","ir","ELCO","0.050129","1","0.0630"
"28","ir","LUSU","0.046099","0","0.7027"
"28","ir","LUBI","0.024140","0","0.0531"
"28","dt","LUBI","0.249579","0","0.5489"
"28","dt","CIOC","0.211278","0","0.7047"
"28","dt","FEMI","0.114095","1","0.0972"
"28","dt","ELGL","0.099782","1","0.2071"
"28","dt","AMME","0.064012","0","0.0502"
"28","dt","ARPU","0.060216","1","0.0411"
"28","dt","ELCO","0.058490","1","0.0735"
"28","dt","ESCA","0.052004","0","0.0317"
"28","dt","TRWI","0.051985","0","0.0591"
"28","dt","CAME","0.038558","0","0.0158"
"28","fd","LUSU","0.200131","0","3.0507"
"28","fd","ASFA","0.117725","0","0.2589"
"28","fd","ESCA","0.107170","0","0.0653"
"28","fd","SPAI","0.106619","1","0.0143"
"28","fd","ACMI","0.099407","0","0.0095"
"28","fd","PHCI","0.090972","0","0.0418"
"28","fd","MURI","0.086923","1","0.0099"
"28","fd","SIBE","0.066501","0","0.0515"
"28","fd","FEMI","0.062898","1","0.0536"
"28","fd","STPU","0.061655","1","0.1682"
"28","r","PLER","0.409221902","0","0.6302"
"28","r","HOBR","0.351585014","1","1.0137"
"28","r","FEMI","0.129682997","1","0.1963"
"28","r","MURI","0.037463977","1","0.0076"
"28","r","CIOC","0.025936599","0","0.1538"
"28","r","GRCA","0.023054755","0","0.0456"
"28","r","RACA","0.014409222","0","0.0326"
"28","r","KOMA","0.008645533","1","0.0019"
"28","r","LAPL","0.000000000","0","0.0000"
"28","r","PHCI","0.000000000","0","0.0000"
"29","ir","PHCI","0.181220","0","0.0832"
"29","ir","MURI","0.163481","1","0.0186"
"29","ir","SPAI","0.157361","1","0.0212"
"29","ir","AMME","0.120123","0","0.0943"
"29","ir","PLER","0.111591","0","0.0967"
"29","ir","TRWI","0.074335","0","0.0845"
"29","ir","BRCA","0.071026","1","0.2752"
"29","ir","ELCO","0.065451","1","0.0823"
"29","ir","LUBI","0.034060","0","0.0749"
"29","ir","LUMI","0.021352","0","0.3165"
"29","dt","BRCA","0.382841","1","1.4835"
"29","dt","PLER","0.321394","0","0.2784"
"29","dt","GRCA","0.155766","0","0.1733"
"29","dt","ELCO","0.046930","1","0.0590"
"29","dt","ESCA","0.030352","0","0.0185"
"29","dt","TRWI","0.018854","0","0.0214"
"29","dt","DEFA","0.015848","0","0.0060"
"29","dt","SPAI","0.013821","1","0.0019"
"29","dt","MEIM","0.009210","1","0.0050"
"29","dt","ACMI","0.004986","0","0.0005"
"29","fd","LUSU","0.193788","0","2.9541"
"29","fd","POSE","0.151899","1","0.0484"
"29","fd","PHCI","0.133285","0","0.0612"
"29","fd","ASFA","0.093912","0","0.2065"
"29","fd","MEIM","0.087299","1","0.0469"
"29","fd","HOIN","0.080065","1","0.2122"
"29","fd","ELCO","0.078196","1","0.0983"
"29","fd","ACST","0.065642","0","0.0513"
"29","fd","DEFA","0.062277","0","0.0235"
"29","fd","RACA","0.053637","0","0.0682"
"29","r","PLER","0.456869010","0","0.7036"
"29","r","DEFA","0.239616613","0","0.1610"
"29","r","SIBE","0.127795527","0","0.1759"
"29","r","LUSU","0.076677316","0","2.0780"
"29","r","LUMI","0.041533546","0","1.0944"
"29","r","FEMI","0.031948882","1","0.0484"
"29","r","ELGL","0.012779553","1","0.0472"
"29","r","POSE","0.006389776","1","0.0036"
"29","r","SPAI","0.003194888","1","0.0008"
"29","r","TRWI","0.003194888","0","0.0065"
"30","ir","PHCI","0.213106","0","0.0978"
"30","ir","MURI","0.142982","1","0.0163"
"30","ir","ARPU","0.099964","1","0.0682"
"30","ir","CIOC","0.089646","0","0.2990"
"30","ir","FEMI","0.087372","1","0.0744"
"30","ir","TRWI","0.080398","0","0.0914"
"30","ir","POSE","0.079883","1","0.0254"
"30","ir","PLER","0.078883","0","0.0683"
"30","ir","LUSU","0.068963","0","1.0513"
"30","ir","DEFA","0.058801","0","0.0222"
"30","dt","AMME","0.215139","0","0.1688"
"30","dt","FEMI","0.201059","1","0.1712"
"30","dt","LUSU","0.176856","0","2.6959"
"30","dt","GRCA","0.108837","0","0.1211"
"30","dt","SIBE","0.080758","0","0.0625"
"30","dt","RACA","0.059253","0","0.0753"
"30","dt","BRCA","0.052244","1","0.2024"
"30","dt","MEIM","0.048966","1","0.0263"
"30","dt","HOBR","0.029159","1","0.0473"
"30","dt","LAPL","0.027730","0","0.0091"
"30","fd","LUSU","0.206443","0","3.1470"
"30","fd","FEMI","0.115803","1","0.0986"
"30","fd","SIBE","0.114600","0","0.0887"
"30","fd","CAME","0.088708","0","0.0364"
"30","fd","CIOC","0.087500","0","0.2919"
"30","fd","ARPU","0.082962","1","0.0566"
"30","fd","RACA","0.082179","0","0.1045"
"30","fd","STPU","0.080949","1","0.2208"
"30","fd","ACST","0.073544","0","0.0575"
"30","fd","BRCA","0.067312","1","0.2608"
"30","r","ACST","0.32558140","0","0.4526"
"30","r","ACMI","0.27906977","0","0.0474"
"30","r","MEIM","0.09302326","1","0.0889"
"30","r","STPU","0.09302326","1","0.4511"
"30","r","POSE","0.06976744","1","0.0395"
"30","r","LUSU","0.06976744","0","1.8907"
"30","r","ESCA","0.04651163","0","0.0504"
"30","r","HOBR","0.02325581","1","0.0671"
"30","r","SIBE","0.00000000","0","0.0000"
"30","r","DEFA","0.00000000","0","0.0000"
"31","ir","PHCI","0.321954","0","0.1478"
"31","ir","SPAI","0.140163","1","0.0188"
"31","ir","ACAM","0.109363","0","0.2239"
"31","ir","ESCA","0.087033","0","0.0531"
"31","ir","BRCA","0.077155","1","0.2990"
"31","ir","HOBR","0.072513","1","0.1176"
"31","ir","LAPL","0.056866","0","0.0186"
"31","ir","TRWI","0.049967","0","0.0568"
"31","ir","ELCO","0.043008","1","0.0541"
"31","ir","LUBI","0.041978","0","0.0923"
"31","dt","CIOC","0.332747","0","1.1099"
"31","dt","ASFA","0.200663","0","0.4413"
"31","dt","AMME","0.092363","0","0.0725"
"31","dt","ARPU","0.085329","1","0.0582"
"31","dt","ACST","0.081259","0","0.0635"
"31","dt","HOBR","0.072266","1","0.1172"
"31","dt","SIBE","0.058777","0","0.0455"
"31","dt","MEIM","0.045859","1","0.0247"
"31","dt","POSE","0.018996","1","0.0060"
"31","dt","ACMI","0.011740","0","0.0011"
"31","fd","ESCA","0.130945","0","0.0798"
"31","fd","CIOC","0.125970","0","0.4202"
"31","fd","MURI","0.119616","1","0.0136"
"31","fd","ACMI","0.116577","0","0.0111"
"31","fd","ASFA","0.112857","0","0.2482"
"31","fd","TRWI","0.105284","0","0.1196"
"31","fd","ELGL","0.086102","1","0.1787"
"31","fd","ELCO","0.080431","1","0.1011"
"31","fd","ARPU","0.062374","1","0.0426"
"31","fd","RACA","0.059843","0","0.0761"
"31","r","BRCA","0.52112676","1","3.5900"
"31","r","KOMA","0.12676056","1","0.0273"
"31","r","CAME","0.12676056","0","0.0925"
"31","r","TRWI","0.08450704","0","0.1707"
"31","r","PHCI","0.05633803","0","0.0460"
"31","r","AMME","0.04225352","0","0.0589"
"31","r","ELGL","0.01408451","1","0.0520"
"31","r","GRCA","0.01408451","0","0.0279"
"31","r","ACAM","0.01408451","0","0.0513"
"31","r","SPAI","0.00000000","1","0.0000"
"32","ir","PHCI","0.305873","0","0.1404"
"32","ir","KOMA","0.192429","1","0.0233"
"32","ir","POSE","0.150164","1","0.0478"
"32","ir","RACA","0.122414","0","0.1556"
"32","ir","BRCA","0.084571","1","0.3277"
"32","ir","CAME","0.078432","0","0.0322"
"32","ir","ACST","0.023197","0","0.0181"
"32","ir","PLER","0.021404","0","0.0185"
"32","ir","DEFA","0.012387","0","0.0047"
"32","ir","FEMI","0.009128","1","0.0078"
"32","dt","STPU","0.448806","1","1.2241"
"32","dt","AMME","0.242013","0","0.1899"
"32","dt","GRCA","0.095735","0","0.1065"
"32","dt","ASFA","0.093861","0","0.2064"
"32","dt","CAME","0.066228","0","0.0272"
"32","dt","RACA","0.033957","0","0.0432"
"32","dt","HOBR","0.013376","1","0.0217"
"32","dt","DEFA","0.003061","0","0.0012"
"32","dt","MEIM","0.002229","1","0.0012"
"32","dt","KOMA","0.000733","1","0.0001"
"32","fd","ESCA","0.142564","0","0.0869"
"32","fd","LUBI","0.140092","0","0.3081"
"32","fd","LAPL","0.137687","0","0.0452"
"32","fd","SPAI","0.119291","1","0.0160"
"32","fd","ASFA","0.094726","0","0.2083"
"32","fd","AMME","0.093930","0","0.0737"
"32","fd","PLER","0.076946","0","0.0667"
"32","fd","ELGL","0.076736","1","0.1593"
"32","fd","BRCA","0.062481","1","0.2421"
"32","fd","HOBR","0.055546","1","0.0901"
"32","r","FEMI","0.57051282","1","0.8638"
"32","r","ARPU","0.21153846","1","0.2566"
"32","r","POSE","0.10256410","1","0.0581"
"32","r","PLER","0.05769231","0","0.0888"
"32","r","LAPL","0.02564103","0","0.0149"
"32","r","HOBR","0.01923077","1","0.0554"
"32","r","ACAM","0.01282051","0","0.0467"
"32","r","TRWI","0.00000000","0","0.0000"
"32","r","AMME","0.00000000","0","0.0000"
"32","r","GRCA","0.00000000","0","0.0000"
"33","ir","SPAI","0.347874","1","0.0468"
"33","ir","HOIN","0.223422","1","0.5922"
"33","ir","FEMI","0.134263","1","0.1143"
"33","ir","LUSU","0.108785","0","1.6583"
"33","ir","LAPL","0.060201","0","0.0197"
"33","ir","ESCA","0.056846","0","0.0347"
"33","ir","TRWI","0.029276","0","0.0333"
"33","ir","ACMI","0.018849","0","0.0018"
"33","ir","LUMI","0.012469","0","0.1848"
"33","ir","ELCO","0.008016","1","0.0101"
"33","dt","ACAM","0.294810","0","0.6036"
"33","dt","STPU","0.273337","1","0.7455"
"33","dt","FEMI","0.126156","1","0.1074"
"33","dt","AMME","0.090213","0","0.0708"
"33","dt","ACST","0.066424","0","0.0519"
"33","dt","HOBR","0.050477","1","0.0819"
"33","dt","SIBE","0.036504","0","0.0283"
"33","dt","ESCA","0.030045","0","0.0183"
"33","dt","TRWI","0.028355","0","0.0322"
"33","dt","POSE","0.003680","1","0.0012"
"33","fd","SPAI","0.151191","1","0.0203"
"33","fd","LUBI","0.123569","0","0.2718"
"33","fd","TRWI","0.106538","0","0.1211"
"33","fd","GRCA","0.106452","0","0.1184"
"33","fd","ACMI","0.105571","0","0.0101"
"33","fd","ASFA","0.094041","0","0.2068"
"33","fd","FEMI","0.091045","1","0.0775"
"33","fd","HOIN","0.087002","1","0.2306"
"33","fd","MEIM","0.076021","1","0.0409"
"33","fd","RACA","0.058569","0","0.0745"
"33","r","KOMA","0.6972111554","1","0.1499"
"33","r","BRCA","0.1603585657","1","1.1047"
"33","r","LAPL","0.0597609562","0","0.0348"
"33","r","DEFA","0.0418326693","0","0.0281"
"33","r","RACA","0.0288844622","0","0.0653"
"33","r","ACAM","0.0049800797","0","0.0181"
"33","r","FEMI","0.0029880478","1","0.0045"
"33","r","ASFA","0.0019920319","0","0.0078"
"33","r","ELCO","0.0009960159","1","0.0022"
"33","r","PHCI","0.0009960159","0","0.0008"
"34","ir","AMME","0.443560","0","0.3481"
"34","ir","LAPL","0.274511","0","0.0900"
"34","ir","FEMI","0.164990","1","0.1405"
"34","ir","CIOC","0.065735","0","0.2193"
"34","ir","TRWI","0.016728","0","0.0190"
"34","ir","MEIM","0.016356","1","0.0088"
"34","ir","ACAM","0.008668","0","0.0177"
"34","ir","BRCA","0.006519","1","0.0253"
"34","ir","STPU","0.002836","1","0.0077"
"34","ir","ASFA","0.000097","0","0.0002"
"34","dt","FEMI","0.152923","1","0.1302"
"34","dt","LUMI","0.139773","0","2.0717"
"34","dt","LUBI","0.122277","0","0.2689"
"34","dt","PHCI","0.119374","0","0.0548"
"34","dt","ARPU","0.109028","1","0.0744"
"34","dt","ACST","0.105384","0","0.0824"
"34","dt","SIBE","0.078825","0","0.0610"
"34","dt","CIOC","0.064130","0","0.2139"
"34","dt","HOIN","0.059235","1","0.1570"
"34","dt","HOBR","0.049051","1","0.0796"
"34","fd","GRCA","0.152295","0","0.1694"
"34","fd","PHCI","0.130185","0","0.0598"
"34","fd","LAPL","0.123401","0","0.0405"
"34","fd","POSE","0.105687","1","0.0336"
"34","fd","AMME","0.104120","0","0.0817"
"34","fd","TRWI","0.088738","0","0.1008"
"34","fd","ELCO","0.081336","1","0.1022"
"34","fd","MEIM","0.074029","1","0.0398"
"34","fd","KOMA","0.073150","1","0.0088"
"34","fd","RACA","0.067061","0","0.0853"
"34","r","ACMI","0.952863128","0","0.1620"
"34","r","BRCA","0.012569832","1","0.0866"
"34","r","ESCA","0.011871508","0","0.0129"
"34","r","LAPL","0.009427374","0","0.0055"
"34","r","TRWI","0.003491620","0","0.0071"
"34","r","SIBE","0.002793296","0","0.0038"
"34","r","MURI","0.002094972","1","0.0004"
"34","r","FEMI","0.001745810","1","0.0026"
"34","r","PHCI","0.001745810","0","0.0014"
"34","r","HOIN","0.001396648","1","0.0066"
"35","ir","PHCI","0.288109","0","0.1323"
"35","ir","LAPL","0.174883","0","0.0574"
"35","ir","BRCA","0.123635","1","0.4791"
"35","ir","CAME","0.111997","0","0.0460"
"35","ir","HOIN","0.110334","1","0.2925"
"35","ir","ACST","0.061279","0","0.0479"
"35","ir","PLER","0.057670","0","0.0500"
"35","ir","POSE","0.031388","1","0.0100"
"35","ir","SIBE","0.021229","0","0.0164"
"35","ir","ELCO","0.019476","1","0.0245"
"35","dt","LUSU","0.332955","0","5.0755"
"35","dt","PHCI","0.166954","0","0.0767"
"35","dt","ARPU","0.136393","1","0.0931"
"35","dt","SIBE","0.074776","0","0.0579"
"35","dt","ACMI","0.073578","0","0.0070"
"35","dt","KOMA","0.071781","1","0.0087"
"35","dt","ASFA","0.056099","0","0.1234"
"35","dt","HOBR","0.036034","1","0.0584"
"35","dt","TRWI","0.031494","0","0.0358"
"35","dt","POSE","0.019935","1","0.0063"
"35","fd","LUSU","0.194771","0","2.9690"
"35","fd","POSE","0.173129","1","0.0551"
"35","fd","MURI","0.121240","1","0.0138"
"35","fd","SIBE","0.100400","0","0.0777"
"35","fd","CIOC","0.082999","0","0.2769"
"35","fd","AMME","0.074085","0","0.0581"
"35","fd","HOBR","0.069410","1","0.1126"
"35","fd","PLER","0.066650","0","0.0577"
"35","fd","RACA","0.061236","0","0.0778"
"35","fd","ARPU","0.056080","1","0.0383"
"35","r","ASFA","0.382470120","0","1.4955"
"35","r","TRWI","0.247011952","0","0.4990"
"35","r","CIOC","0.215139442","0","1.2758"
"35","r","MEIM","0.107569721","1","0.1028"
"35","r","KOMA","0.035856574","1","0.0077"
"35","r","SIBE","0.007968127","0","0.0110"
"35","r","PHCI","0.003984064","0","0.0033"
"35","r","MURI","0.000000000","1","0.0000"
"35","r","ELGL","0.000000000","1","0.0000"
"35","r","AMME","0.000000000","0","0.0000"
"36","ir","KOMA","0.633389","1","0.0766"
"36","ir","CAME","0.327554","0","0.1345"
"36","ir","LUSU","0.017722","0","0.2701"
"36","ir","TRWI","0.013551","0","0.0154"
"36","ir","HOBR","0.003745","1","0.0061"
"36","ir","BRCA","0.001740","1","0.0067"
"36","ir","DEFA","0.001105","0","0.0004"
"36","ir","RACA","0.001088","0","0.0014"
"36","ir","STPU","0.000106","1","0.0003"
"36","ir","GRCA","0.000000","0","0.0000"
"36","dt","ACAM","0.326513","0","0.6685"
"36","dt","BRCA","0.194636","1","0.7542"
"36","dt","ACST","0.182345","0","0.1426"
"36","dt","ARPU","0.150100","1","0.1024"
"36","dt","SIBE","0.054329","0","0.0421"
"36","dt","ASFA","0.042894","0","0.0943"
"36","dt","ELCO","0.026010","1","0.0327"
"36","dt","HOBR","0.014016","1","0.0227"
"36","dt","TRWI","0.007356","0","0.0084"
"36","dt","LAPL","0.001801","0","0.0006"
"36","fd","LUMI","0.229742","0","3.4052"
"36","fd","SPAI","0.159211","1","0.0214"
"36","fd","MEIM","0.105827","1","0.0569"
"36","fd","LUBI","0.096809","0","0.2129"
"36","fd","AMME","0.081028","0","0.0636"
"36","fd","HOIN","0.073872","1","0.1958"
"36","fd","PLER","0.069602","0","0.0603"
"36","fd","STPU","0.067090","1","0.1830"
"36","fd","DEFA","0.064482","0","0.0244"
"36","fd","RACA","0.052337","0","0.0665"
"36","r","ACAM","0.300000000","0","1.0920"
"36","r","GRCA","0.246153846","0","0.4868"
"36","r","ELGL","0.188461538","1","0.6954"
"36","r","DEFA","0.130769231","0","0.0879"
"36","r","MURI","0.073076923","1","0.0148"
"36","r","CAME","0.057692308","0","0.0421"
"36","r","LAPL","0.003846154","0","0.0022"
"36","r","MEIM","0.000000000","1","0.0000"
"36","r","ARPU","0.000000000","1","0.0000"
"36","r","PHCI","0.000000000","0","0.0000"
"37","ir","PHCI","0.296433","0","0.1361"
"37","ir","SPAI","0.136757","1","0.0184"
"37","ir","KOMA","0.122999","1","0.0149"
"37","ir","ACMI","0.118850","0","0.0114"
"37","ir","POSE","0.071936","1","0.0229"
"37","ir","ACAM","0.070110","0","0.1436"
"37","ir","BRCA","0.060244","1","0.2334"
"37","ir","LAPL","0.051066","0","0.0167"
"37","ir","RACA","0.046300","0","0.0589"
"37","ir","LUBI","0.025305","0","0.0557"
"37","dt","LUBI","0.242538","0","0.5334"
"37","dt","CIOC","0.196520","0","0.6555"
"37","dt","ACAM","0.129158","0","0.2645"
"37","dt","ELGL","0.109517","1","0.2273"
"37","dt","PLER","0.085143","0","0.0738"
"37","dt","ELCO","0.068708","1","0.0864"
"37","dt","ACST","0.060171","0","0.0470"
"37","dt","SPAI","0.045812","1","0.0062"
"37","dt","POSE","0.036768","1","0.0117"
"37","dt","LAPL","0.025665","0","0.0084"
"37","fd","LUSU","0.207291","0","3.1599"
"37","fd","ACMI","0.144002","0","0.0138"
"37","fd","MEIM","0.118165","1","0.0635"
"37","fd","PHCI","0.109233","0","0.0502"
"37","fd","SIBE","0.085658","0","0.0663"
"37","fd","AMME","0.069851","0","0.0548"
"37","fd","HOIN","0.069191","1","0.1834"
"37","fd","ARPU","0.067139","1","0.0458"
"37","fd","BRCA","0.066402","1","0.2573"
"37","fd","ACAM","0.063069","0","0.1291"
"37","r","ESCA","0.692934783","0","0.7511"
"37","r","ELCO","0.187500000","1","0.4190"
"37","r","GRCA","0.032608696","0","0.0645"
"37","r","ACST","0.027173913","0","0.0378"
"37","r","MURI","0.019021739","1","0.0039"
"37","r","AMME","0.019021739","0","0.0265"
"37","r","STPU","0.008152174","1","0.0395"
"37","r","ACAM","0.008152174","0","0.0297"
"37","r","MEIM","0.005434783","1","0.0052"
"37","r","TRWI","0.000000000","0","0.0000"
"38","ir","SPAI","0.391366","1","0.0526"
"38","ir","PHCI","0.118717","0","0.0545"
"38","ir","BRCA","0.090558","1","0.3509"
"38","ir","FEMI","0.087954","1","0.0749"
"38","ir","DEFA","0.082369","0","0.0311"
"38","ir","RACA","0.061160","0","0.0777"
"38","ir","ACAM","0.050937","0","0.1043"
"38","ir","HOIN","0.046949","1","0.1245"
"38","ir","SIBE","0.040776","0","0.0316"
"38","ir","LUBI","0.029213","0","0.0643"
"38","dt","ACST","0.271820","0","0.2125"
"38","dt","CIOC","0.175394","0","0.5850"
"38","dt","LUBI","0.122306","0","0.2690"
"38","dt","GRCA","0.113252","0","0.1260"
"38","dt","MEIM","0.113151","1","0.0608"
"38","dt","STPU","0.059373","1","0.1619"
"38","dt","ELGL","0.052170","1","0.1083"
"38","dt","LUSU","0.048645","0","0.7415"
"38","dt","TRWI","0.022529","0","0.0256"
"38","dt","HOBR","0.021359","1","0.0346"
"38","fd","LUMI","0.219254","0","3.2498"
"38","fd","LAPL","0.136167","0","0.0447"
"38","fd","ACMI","0.129194","0","0.0124"
"38","fd","PHCI","0.103242","0","0.0474"
"38","fd","MEIM","0.084865","1","0.0456"
"38","fd","AMME","0.076573","0","0.0601"
"38","fd","ASFA","0.073598","0","0.1619"
"38","fd","HOIN","0.070395","1","0.1866"
"38","fd","ELGL","0.057402","1","0.1191"
"38","fd","HOBR","0.049310","1","0.0800"
"38","r","BRCA","0.263157895","1","1.8129"
"38","r","GRCA","0.210526316","0","0.4163"
"38","r","ELGL","0.165413534","1","0.6104"
"38","r","ELCO","0.135338346","1","0.3024"
"38","r","PLER","0.075187970","0","0.1158"
"38","r","ESCA","0.067669173","0","0.0734"
"38","r","KOMA","0.045112782","1","0.0097"
"38","r","LUBI","0.030075188","0","0.1176"
"38","r","CIOC","0.007518797","0","0.0446"
"38","r","SIBE","0.000000000","0","0.0000"
"39","ir","KOMA","0.825332","1","0.0998"
"39","ir","HOIN","0.110267","1","0.2923"
"39","ir","ELGL","0.036374","1","0.0755"
"39","ir","ESCA","0.018926","0","0.0115"
"39","ir","TRWI","0.004972","0","0.0056"
"39","ir","LUSU","0.002072","0","0.0316"
"39","ir","ACAM","0.001100","0","0.0023"
"39","ir","MEIM","0.000959","1","0.0005"
"39","ir","LUBI","0.000000","0","0.0000"
"39","ir","GRCA","0.000000","0","0.0000"
"39","dt","ACAM","0.256712","0","0.5256"
"39","dt","STPU","0.243324","1","0.6637"
"39","dt","ELGL","0.159799","1","0.3317"
"39","dt","PLER","0.075381","0","0.0653"
"39","dt","AMME","0.068240","0","0.0535"
"39","dt","ARPU","0.060742","1","0.0414"
"39","dt","ESCA","0.047457","0","0.0289"
"39","dt","SIBE","0.043509","0","0.0337"
"39","dt","MEIM","0.029822","1","0.0160"
"39","dt","DEFA","0.015014","0","0.0057"
"39","fd","LUMI","0.238204","0","3.5306"
"39","fd","ACMI","0.139016","0","0.0133"
"39","fd","TRWI","0.120521","0","0.1369"
"39","fd","FEMI","0.092217","1","0.0785"
"39","fd","CIOC","0.086303","0","0.2879"
"39","fd","SIBE","0.073468","0","0.0569"
"39","fd","ARPU","0.069190","1","0.0472"
"39","fd","PLER","0.065464","0","0.0567"
"39","fd","STPU","0.060510","1","0.1650"
"39","fd","BRCA","0.055109","1","0.2135"
"39","r","DEFA","0.625000000","0","0.4200"
"39","r","LUSU","0.264705882","0","7.1735"
"39","r","ACMI","0.066176471","0","0.0113"
"39","r","HOIN","0.022058824","1","0.1040"
"39","r","LUMI","0.014705882","0","0.3875"
"39","r","POSE","0.007352941","1","0.0042"
"39","r","ELCO","0.000000000","1","0.0000"
"39","r","BRCA","0.000000000","1","0.0000"
"39","r","GRCA","0.000000000","0","0.0000"
"39","r","PLER","0.000000000","0","0.0000"
"40","ir","KOMA","0.832234","1","0.1006"
"40","ir","HOIN","0.084228","1","0.2233"
"40","ir","PLER","0.040590","0","0.0352"
"40","ir","CIOC","0.026393","0","0.0880"
"40","ir","ELGL","0.007976","1","0.0166"
"40","ir","TRWI","0.006493","0","0.0074"
"40","ir","DEFA","0.002020","0","0.0008"
"40","ir","ACST","0.000062","0","0.0000"
"40","ir","ELCO","0.000004","1","0.0000"
"40","ir","LUMI","0.000000","0","0.0000"
"40","dt","ACAM","0.245665","0","0.5030"
"40","dt","LUBI","0.195446","0","0.4299"
"40","dt","BRCA","0.177854","1","0.6892"
"40","dt","FEMI","0.154577","1","0.1316"
"40","dt","CAME","0.121718","0","0.0500"
"40","dt","GRCA","0.073094","0","0.0813"
"40","dt","DEFA","0.012887","0","0.0049"
"40","dt","TRWI","0.008641","0","0.0098"
"40","dt","MEIM","0.008278","1","0.0045"
"40","dt","POSE","0.001841","1","0.0006"
"40","fd","LUSU","0.222534","0","3.3923"
"40","fd","MURI","0.139971","1","0.0159"
"40","fd","ESCA","0.122117","0","0.0745"
"40","fd","ACMI","0.107678","0","0.0103"
"40","fd","GRCA","0.098339","0","0.1094"
"40","fd","ELCO","0.071203","1","0.0895"
"40","fd","BRCA","0.064671","1","0.2506"
"40","fd","PLER","0.062272","0","0.0539"
"40","fd","STPU","0.056525","1","0.1542"
"40","fd","ACST","0.054689","0","0.0428"
"40","r","ESCA","0.46666667","0","0.5059"
"40","r","LUMI","0.33333333","0","8.7833"
"40","r","HOIN","0.08333333","1","0.3927"
"40","r","TRWI","0.06666667","0","0.1347"
"40","r","BRCA","0.01666667","1","0.1148"
"40","r","STPU","0.01666667","1","0.0808"
"40","r","PHCI","0.01666667","0","0.0136"
"40","r","MEIM","0.00000000","1","0.0000"
"40","r","ACST","0.00000000","0","0.0000"
"40","r","ACAM","0.00000000","0","0.0000"
"41","ir","CAME","0.406431","0","0.1669"
"41","ir","SPAI","0.212649","1","0.0286"
"41","ir","ACAM","0.148658","0","0.3044"
"41","ir","ARPU","0.097515","1","0.0665"
"41","ir","MURI","0.083591","1","0.0095"
"41","ir","DEFA","0.018118","0","0.0068"
"41","ir","BRCA","0.012967","1","0.0502"
"41","ir","ESCA","0.012578","0","0.0077"
"41","ir","SIBE","0.006864","0","0.0053"
"41","ir","LUBI","0.000630","0","0.0014"
"41","dt","LUMI","0.203808","0","3.0208"
"41","dt","SPAI","0.131029","1","0.0176"
"41","dt","CAME","0.116935","0","0.0480"
"41","dt","CIOC","0.110694","0","0.3692"
"41","dt","LUBI","0.105297","0","0.2316"
"41","dt","ARPU","0.095861","1","0.0654"
"41","dt","GRCA","0.068959","0","0.0767"
"41","dt","STPU","0.061871","1","0.1688"
"41","dt","SIBE","0.060966","0","0.0472"
"41","dt","ELCO","0.044580","1","0.0560"
"41","fd","LUBI","0.162593","0","0.3576"
"41","fd","SPAI","0.130181","1","0.0175"
"41","fd","TRWI","0.121240","0","0.1378"
"41","fd","ESCA","0.114732","0","0.0700"
"41","fd","ACMI","0.102336","0","0.0098"
"41","fd","FEMI","0.078675","1","0.0670"
"41","fd","PLER","0.075789","0","0.0657"
"41","fd","KOMA","0.073948","1","0.0089"
"41","fd","STPU","0.071182","1","0.1941"
"41","fd","RACA","0.069324","0","0.0881"
"41","r","FEMI","0.887451488","1","1.3436"
"41","r","LAPL","0.081500647","0","0.0475"
"41","r","ESCA","0.009055627","0","0.0098"
"41","r","SIBE","0.009055627","0","0.0125"
"41","r","HOIN","0.005174644","1","0.0244"
"41","r","PHCI","0.005174644","0","0.0042"
"41","r","STPU","0.002587322","1","0.0125"
"41","r","ELGL","0.000000000","1","0.0000"
"41","r","ACST","0.000000000","0","0.0000"
"41","r","DEFA","0.000000000","0","0.0000"
"42","ir","SPAI","0.362070","1","0.0487"
"42","ir","ARPU","0.137668","1","0.0939"
"42","ir","AMME","0.112816","0","0.0885"
"42","ir","CIOC","0.098914","0","0.3299"
"42","ir","HOIN","0.074933","1","0.1986"
"42","ir","ESCA","0.063601","0","0.0388"
"42","ir","DEFA","0.053272","0","0.0201"
"42","ir","STPU","0.045180","1","0.1232"
"42","ir","LUMI","0.028070","0","0.4161"
"42","ir","SIBE","0.023477","0","0.0182"
"42","dt","MURI","0.186824","1","0.0213"
"42","dt","LUMI","0.177027","0","2.6239"
"42","dt","CAME","0.106085","0","0.0436"
"42","dt","LUBI","0.098308","0","0.2162"
"42","dt","LUSU","0.087173","0","1.3288"
"42","dt","HOIN","0.080422","1","0.2132"
"42","dt","ACST","0.080151","0","0.0627"
"42","dt","GRCA","0.069160","0","0.0769"
"42","dt","ELGL","0.062662","1","0.1301"
"42","dt","HOBR","0.052189","1","0.0846"
"42","fd","LUSU","0.171629","0","2.6163"
"42","fd","SPAI","0.154313","1","0.0207"
"42","fd","LUBI","0.125910","0","0.2769"
"42","fd","ELCO","0.097915","1","0.1231"
"42","fd","KOMA","0.088918","1","0.0108"
"42","fd","CIOC","0.083582","0","0.2788"
"42","fd","HOIN","0.078610","1","0.2084"
"42","fd","DEFA","0.071029","0","0.0269"
"42","fd","PLER","0.070850","0","0.0614"
"42","fd","RACA","0.057243","0","0.0728"
"42","r","LUSU","0.40740741","0","11.0407"
"42","r","FEMI","0.25925926","1"," 0.3925"
"42","r","GRCA","0.11111111","0"," 0.2197"
"42","r","HOBR","0.07407407","1"," 0.2136"
"42","r","ELCO","0.07407407","1"," 0.1655"
"42","r","ESCA","0.03703704","0"," 0.0401"
"42","r","DEFA","0.03703704","0"," 0.0249"
"42","r","ARPU","0.00000000","1"," 0.0000"
"42","r","ACST","0.00000000","0"," 0.0000"
"42","r","LAPL","0.00000000","0"," 0.0000"
"43","ir","SPAI","0.218976","1","0.0294"
"43","ir","MURI","0.161805","1","0.0184"
"43","ir","CAME","0.112972","0","0.0464"
"43","ir","ARPU","0.097502","1","0.0665"
"43","ir","FEMI","0.096985","1","0.0826"
"43","ir","CIOC","0.090830","0","0.3030"
"43","ir","PLER","0.079654","0","0.0690"
"43","ir","LUSU","0.058577","0","0.8929"
"43","ir","ACAM","0.055248","0","0.1131"
"43","ir","SIBE","0.027451","0","0.0213"
"43","dt","LUSU","0.194679","0","2.9676"
"43","dt","LUBI","0.152096","0","0.3345"
"43","dt","FEMI","0.121610","1","0.1036"
"43","dt","ESCA","0.086017","0","0.0524"
"43","dt","MURI","0.082969","1","0.0095"
"43","dt","ELGL","0.079710","1","0.1654"
"43","dt","PLER","0.075219","0","0.0652"
"43","dt","GRCA","0.072938","0","0.0811"
"43","dt","ELCO","0.069429","1","0.0873"
"43","dt","PHCI","0.065332","0","0.0300"
"43","fd","POSE","0.156093","1","0.0497"
"43","fd","CIOC","0.135707","0","0.4527"
"43","fd","LUBI","0.129294","0","0.2844"
"43","fd","ESCA","0.118096","0","0.0720"
"43","fd","GRCA","0.097180","0","0.1081"
"43","fd","ARPU","0.087467","1","0.0597"
"43","fd","ACAM","0.078315","0","0.1603"
"43","fd","MEIM","0.074644","1","0.0401"
"43","fd","SIBE","0.062151","0","0.0481"
"43","fd","ELCO","0.061053","1","0.0767"
"43","r","BRCA","0.433427762","1","2.9858"
"43","r","LUBI","0.218130312","0","0.8529"
"43","r","LUMI","0.147308782","0","3.8816"
"43","r","RACA","0.121813031","0","0.2753"
"43","r","ELCO","0.048158640","1","0.1076"
"43","r","POSE","0.019830028","1","0.0112"
"43","r","MEIM","0.005665722","1","0.0054"
"43","r","PLER","0.002832861","0","0.0044"
"43","r","DEFA","0.002832861","0","0.0019"
"43","r","TRWI","0.000000000","0","0.0000"
"44","ir","CAME","0.413676","0","0.1699"
"44","ir","SPAI","0.265116","1","0.0356"
"44","ir","CIOC","0.128078","0","0.4272"
"44","ir","ARPU","0.060133","1","0.0410"
"44","ir","MEIM","0.059782","1","0.0321"
"44","ir","SIBE","0.045965","0","0.0356"
"44","ir","HOBR","0.009114","1","0.0148"
"44","ir","RACA","0.007603","0","0.0097"
"44","ir","LUSU","0.007228","0","0.1102"
"44","ir","LAPL","0.003305","0","0.0011"
"44","dt","LUSU","0.222975","0","3.3990"
"44","dt","CAME","0.173593","0","0.0713"
"44","dt","ACST","0.111459","0","0.0871"
"44","dt","KOMA","0.095429","1","0.0115"
"44","dt","STPU","0.091974","1","0.2509"
"44","dt","GRCA","0.083162","0","0.0925"
"44","dt","ASFA","0.066532","0","0.1463"
"44","dt","RACA","0.058358","0","0.0742"
"44","dt","ELCO","0.053522","1","0.0673"
"44","dt","HOBR","0.042994","1","0.0697"
"44","fd","LUMI","0.227700","0","3.3749"
"44","fd","GRCA","0.105321","0","0.1172"
"44","fd","AMME","0.092933","0","0.0729"
"44","fd","CAME","0.090624","0","0.0372"
"44","fd","ASFA","0.090147","0","0.1983"
"44","fd","SIBE","0.083959","0","0.0650"
"44","fd","HOIN","0.083090","1","0.2203"
"44","fd","ARPU","0.081526","1","0.0556"
"44","fd","HOBR","0.076869","1","0.1247"
"44","fd","STPU","0.067830","1","0.1850"
"44","r","FEMI","0.32530120","1","0.4925"
"44","r","CAME","0.30120482","0","0.2199"
"44","r","LUBI","0.15662651","0","0.6124"
"44","r","HOBR","0.09638554","1","0.2779"
"44","r","LUSU","0.06024096","0","1.6325"
"44","r","GRCA","0.02409639","0","0.0477"
"44","r","HOIN","0.01204819","1","0.0568"
"44","r","SPAI","0.01204819","1","0.0029"
"44","r","ASFA","0.01204819","0","0.0471"
"44","r","RACA","0.00000000","0","0.0000"
"45","ir","MURI","0.377614","1","0.0430"
"45","ir","CIOC","0.339200","0","1.1314"
"45","ir","ARPU","0.195416","1","0.1333"
"45","ir","FEMI","0.075238","1","0.0641"
"45","ir","DEFA","0.008072","0","0.0031"
"45","ir","ACST","0.002586","0","0.0020"
"45","ir","STPU","0.001361","1","0.0037"
"45","ir","ASFA","0.000328","0","0.0007"
"45","ir","LUBI","0.000153","0","0.0003"
"45","ir","GRCA","0.000033","0","0.0000"
"45","dt","PHCI","0.208238","0","0.0956"
"45","dt","LUMI","0.181371","0","2.6883"
"45","dt","LUSU","0.163456","0","2.4917"
"45","dt","ACMI","0.110433","0","0.0106"
"45","dt","KOMA","0.100467","1","0.0122"
"45","dt","STPU","0.063184","1","0.1723"
"45","dt","SIBE","0.058649","0","0.0454"
"45","dt","HOIN","0.057992","1","0.1537"
"45","dt","RACA","0.039188","0","0.0498"
"45","dt","HOBR","0.017022","1","0.0276"
"45","fd","LUSU","0.179539","0","2.7368"
"45","fd","LAPL","0.161500","0","0.0530"
"45","fd","GRCA","0.127441","0","0.1418"
"45","fd","MURI","0.109838","1","0.0125"
"45","fd","ASFA","0.100160","0","0.2203"
"45","fd","FEMI","0.079206","1","0.0675"
"45","fd","HOIN","0.069539","1","0.1843"
"45","fd","PLER","0.060517","0","0.0524"
"45","fd","CAME","0.060265","0","0.0247"
"45","fd","ARPU","0.051995","1","0.0355"
"45","r","ARPU","0.635204082","1","0.7704"
"45","r","AMME","0.150510204","0","0.2100"
"45","r","GRCA","0.099489796","0","0.1967"
"45","r","CIOC","0.068877551","0","0.4084"
"45","r","STPU","0.022959184","1","0.1113"
"45","r","POSE","0.010204082","1","0.0058"
"45","r","ELGL","0.007653061","1","0.0282"
"45","r","RACA","0.002551020","0","0.0058"
"45","r","ACAM","0.002551020","0","0.0093"
"45","r","DEFA","0.000000000","0","0.0000"
"46","ir","AMME","0.341784","0","0.2682"
"46","ir","SPAI","0.221149","1","0.0297"
"46","ir","MURI","0.139964","1","0.0159"
"46","ir","RACA","0.076942","0","0.0978"
"46","ir","HOBR","0.060838","1","0.0987"
"46","ir","LAPL","0.054787","0","0.0180"
"46","ir","ACMI","0.034040","0","0.0033"
"46","ir","SIBE","0.033889","0","0.0262"
"46","ir","POSE","0.022488","1","0.0072"
"46","ir","GRCA","0.014119","0","0.0157"
"46","dt","LUBI","0.523253","0","1.1508"
"46","dt","AMME","0.344523","0","0.2703"
"46","dt","ELGL","0.132224","1","0.2744"
"46","dt","ARPU","0.000000","1","0.0000"
"46","dt","FEMI","0.000000","1","0.0000"
"46","dt","SPAI","0.000000","1","0.0000"
"46","dt","LAPL","0.000000","0","0.0000"
"46","dt","RACA","0.000000","0","0.0000"
"46","dt","GRCA","0.000000","0","0.0000"
"46","dt","ACMI","0.000000","0","0.0000"
"46","fd","POSE","0.169772","1","0.0541"
"46","fd","LUSU","0.165908","0","2.5291"
"46","fd","LUBI","0.133964","0","0.2946"
"46","fd","SPAI","0.127481","1","0.0171"
"46","fd","FEMI","0.083505","1","0.0711"
"46","fd","CIOC","0.073896","0","0.2465"
"46","fd","HOIN","0.068924","1","0.1827"
"46","fd","CAME","0.062342","0","0.0256"
"46","fd","PLER","0.060578","0","0.0525"
"46","fd","ACAM","0.053629","0","0.1098"
"46","r","SPAI","0.572727273","1","0.1369"
"46","r","KOMA","0.209090909","1","0.0450"
"46","r","LUBI","0.090909091","0","0.3555"
"46","r","LAPL","0.063636364","0","0.0371"
"46","r","ACST","0.027272727","0","0.0379"
"46","r","LUSU","0.018181818","0","0.4927"
"46","r","CAME","0.009090909","0","0.0066"
"46","r","ACAM","0.009090909","0","0.0331"
"46","r","ELCO","0.000000000","1","0.0000"
"46","r","HOIN","0.000000000","1","0.0000"
"47","ir","MURI","0.430936","1","0.0491"
"47","ir","CIOC","0.395874","0","1.3205"
"47","ir","ARPU","0.062653","1","0.0427"
"47","ir","ESCA","0.056581","0","0.0345"
"47","ir","LUSU","0.030491","0","0.4648"
"47","ir","ELGL","0.021068","1","0.0437"
"47","ir","RACA","0.001577","0","0.0020"
"47","ir","SIBE","0.000548","0","0.0004"
"47","ir","ACST","0.000245","0","0.0002"
"47","ir","POSE","0.000027","1","0.0000"
"47","dt","LUBI","0.282101","0","0.6204"
"47","dt","BRCA","0.281308","1","1.0901"
"47","dt","PLER","0.159659","0","0.1383"
"47","dt","ACST","0.108174","0","0.0846"
"47","dt","ARPU","0.077881","1","0.0531"
"47","dt","PHCI","0.066289","0","0.0304"
"47","dt","SPAI","0.013760","1","0.0018"
"47","dt","ACMI","0.005077","0","0.0005"
"47","dt","POSE","0.003110","1","0.0010"
"47","dt","LAPL","0.002640","0","0.0009"
"47","fd","LUMI","0.213686","0","3.1672"
"47","fd","POSE","0.131491","1","0.0419"
"47","fd","SPAI","0.128437","1","0.0173"
"47","fd","GRCA","0.104455","0","0.1162"
"47","fd","CIOC","0.085769","0","0.2861"
"47","fd","TRWI","0.075434","0","0.0857"
"47","fd","HOIN","0.073302","1","0.1943"
"47","fd","CAME","0.073289","0","0.0301"
"47","fd","ELCO","0.069083","1","0.0868"
"47","fd","RACA","0.045053","0","0.0573"
"47","r","ELGL","0.501901141","1","1.8520"
"47","r","CIOC","0.406844106","0","2.4126"
"47","r","ELCO","0.049429658","1","0.1104"
"47","r","RACA","0.022813688","0","0.0516"
"47","r","KOMA","0.007604563","1","0.0016"
"47","r","LUMI","0.007604563","0","0.2004"
"47","r","ASFA","0.003802281","0","0.0149"
"47","r","HOBR","0.000000000","1","0.0000"
"47","r","LAPL","0.000000000","0","0.0000"
"47","r","TRWI","0.000000000","0","0.0000"
"48","ir","SPAI","0.337063","1","0.0453"
"48","ir","FEMI","0.202427","1","0.1724"
"48","ir","HOIN","0.195288","1","0.5177"
"48","ir","LAPL","0.079863","0","0.0262"
"48","ir","ACAM","0.056485","0","0.1157"
"48","ir","LUSU","0.042407","0","0.6464"
"48","ir","BRCA","0.041985","1","0.1627"
"48","ir","RACA","0.033547","0","0.0426"
"48","ir","LUBI","0.005959","0","0.0131"
"48","ir","LUMI","0.004975","0","0.0737"
"48","dt","CIOC","0.301465","0","1.0056"
"48","dt","ASFA","0.152752","0","0.3360"
"48","dt","FEMI","0.140838","1","0.1199"
"48","dt","ELGL","0.103074","1","0.2139"
"48","dt","ACST","0.076727","0","0.0600"
"48","dt","RACA","0.061941","0","0.0787"
"48","dt","ESCA","0.055350","0","0.0337"
"48","dt","ELCO","0.054287","1","0.0682"
"48","dt","MURI","0.031101","1","0.0035"
"48","dt","DEFA","0.022465","0","0.0085"
"48","fd","LUMI","0.244337","0","3.6215"
"48","fd","LAPL","0.140170","0","0.0460"
"48","fd","SPAI","0.113542","1","0.0153"
"48","fd","MEIM","0.104260","1","0.0561"
"48","fd","AMME","0.074522","0","0.0585"
"48","fd","HOIN","0.074513","1","0.1975"
"48","fd","PLER","0.072697","0","0.0630"
"48","fd","CAME","0.066649","0","0.0274"
"48","fd","ELGL","0.057942","1","0.1203"
"48","fd","RACA","0.051370","0","0.0653"
"48","r","SIBE","0.655660377","0","0.9024"
"48","r","MURI","0.141509434","1","0.0287"
"48","r","CIOC","0.084905660","0","0.5035"
"48","r","ACMI","0.070754717","0","0.0120"
"48","r","LUSU","0.018867925","0","0.5113"
"48","r","LAPL","0.014150943","0","0.0082"
"48","r","POSE","0.004716981","1","0.0027"
"48","r","SPAI","0.004716981","1","0.0011"
"48","r","PLER","0.004716981","0","0.0073"
"48","r","ELCO","0.000000000","1","0.0000"
"49","ir","PHCI","0.350334","0","0.1609"
"49","ir","POSE","0.183156","1","0.0583"
"49","ir","ELGL","0.182011","1","0.3778"
"49","ir","FEMI","0.059681","1","0.0508"
"49","ir","RACA","0.057417","0","0.0730"
"49","ir","ACAM","0.054733","0","0.1121"
"49","ir","MEIM","0.053123","1","0.0286"
"49","ir","ESCA","0.041736","0","0.0254"
"49","ir","SIBE","0.013376","0","0.0104"
"49","ir","GRCA","0.004434","0","0.0049"
"49","dt","LUSU","0.181964","0","2.7738"
"49","dt","CIOC","0.165957","0","0.5536"
"49","dt","PHCI","0.151286","0","0.0695"
"49","dt","LUBI","0.137630","0","0.3027"
"49","dt","ACMI","0.112214","0","0.0107"
"49","dt","ELGL","0.066362","1","0.1377"
"49","dt","MEIM","0.059357","1","0.0319"
"49","dt","RACA","0.056036","0","0.0712"
"49","dt","HOBR","0.034823","1","0.0565"
"49","dt","POSE","0.034371","1","0.0109"
"49","fd","LAPL","0.165734","0","0.0544"
"49","fd","ASFA","0.156240","0","0.3436"
"49","fd","SPAI","0.114098","1","0.0153"
"49","fd","CIOC","0.106567","0","0.3555"
"49","fd","PHCI","0.098462","0","0.0452"
"49","fd","AMME","0.081881","0","0.0643"
"49","fd","BRCA","0.077437","1","0.3001"
"49","fd","ELGL","0.072404","1","0.1503"
"49","fd","CAME","0.071898","0","0.0295"
"49","fd","ARPU","0.055279","1","0.0377"
"49","r","POSE","0.423913043","1","0.2399"
"49","r","HOIN","0.168478261","1","0.7940"
"49","r","ARPU","0.157608696","1","0.1912"
"49","r","ACMI","0.119565217","0","0.0203"
"49","r","LAPL","0.081521739","0","0.0475"
"49","r","ACAM","0.027173913","0","0.0989"
"49","r","DEFA","0.010869565","0","0.0073"
"49","r","FEMI","0.005434783","1","0.0082"
"49","r","ACST","0.005434783","0","0.0076"
"49","r","PHCI","0.000000000","0","0.0000"
"50","ir","MURI","0.326804","1","0.0372"
"50","ir","CIOC","0.323189","0","1.0780"
"50","ir","KOMA","0.246774","1","0.0298"
"50","ir","PLER","0.075381","0","0.0653"
"50","ir","RACA","0.013253","0","0.0168"
"50","ir","HOBR","0.010335","1","0.0168"
"50","ir","ACMI","0.001525","0","0.0001"
"50","ir","SIBE","0.001315","0","0.0010"
"50","ir","POSE","0.001292","1","0.0004"
"50","ir","ASFA","0.000133","0","0.0003"
"50","dt","HOIN","0.363133","1","0.9626"
"50","dt","PLER","0.249092","0","0.2158"
"50","dt","ELGL","0.227503","1","0.4722"
"50","dt","ACST","0.112203","0","0.0877"
"50","dt","PHCI","0.030602","0","0.0141"
"50","dt","SIBE","0.012539","0","0.0097"
"50","dt","ESCA","0.003301","0","0.0020"
"50","dt","DEFA","0.001074","0","0.0004"
"50","dt","MEIM","0.000526","1","0.0003"
"50","dt","POSE","0.000026","1","0.0000"
"50","fd","LUMI","0.198096","0","2.9362"
"50","fd","POSE","0.128451","1","0.0409"
"50","fd","ESCA","0.127766","0","0.0779"
"50","fd","LUSU","0.117358","0","1.7890"
"50","fd","SPAI","0.111645","1","0.0150"
"50","fd","SIBE","0.075057","0","0.0581"
"50","fd","KOMA","0.069063","1","0.0084"
"50","fd","PLER","0.064255","0","0.0557"
"50","fd","ELGL","0.057401","1","0.1191"
"50","fd","ACAM","0.050909","0","0.1042"
"50","r","HOIN","0.39393939","1","1.8564"
"50","r","RACA","0.18181818","0","0.4109"
"50","r","BRCA","0.15151515","1","1.0438"
"50","r","STPU","0.12121212","1","0.5877"
"50","r","ACAM","0.12121212","0","0.4412"
"50","r","PLER","0.03030303","0","0.0467"
"50","r","ELGL","0.00000000","1","0.0000"
"50","r","ACMI","0.00000000","0","0.0000"
"50","r","LUSU","0.00000000","0","0.0000"
"50","r","LUMI","0.00000000","0","0.0000"
"51","ir","PHCI","0.448110","0","0.2057"
"51","ir","POSE","0.203858","1","0.0649"
"51","ir","RACA","0.089515","0","0.1138"
"51","ir","BRCA","0.078295","1","0.3034"
"51","ir","ASFA","0.064970","0","0.1429"
"51","ir","HOIN","0.035343","1","0.0937"
"51","ir","PLER","0.034251","0","0.0297"
"51","ir","ACST","0.025345","0","0.0198"
"51","ir","STPU","0.016775","1","0.0458"
"51","ir","ACMI","0.003538","0","0.0003"
"51","dt","ACAM","0.336887","0","0.6898"
"51","dt","HOIN","0.243392","1","0.6452"
"51","dt","PLER","0.160803","0","0.1393"
"51","dt","ASFA","0.127200","0","0.2798"
"51","dt","CAME","0.059639","0","0.0245"
"51","dt","SIBE","0.041425","0","0.0321"
"51","dt","MURI","0.014751","1","0.0017"
"51","dt","SPAI","0.008639","1","0.0012"
"51","dt","KOMA","0.004240","1","0.0005"
"51","dt","ACMI","0.003024","0","0.0003"
"51","fd","LUMI","0.165836","0","2.4580"
"51","fd","MURI","0.158835","1","0.0181"
"51","fd","LAPL","0.148876","0","0.0488"
"51","fd","LUSU","0.115293","0","1.7575"
"51","fd","GRCA","0.105824","0","0.1177"
"51","fd","ELCO","0.075307","1","0.0947"
"51","fd","LUBI","0.074132","0","0.1630"
"51","fd","ELGL","0.058437","1","0.1213"
"51","fd","HOBR","0.052931","1","0.0858"
"51","fd","RACA","0.044528","0","0.0566"
"51","r","CIOC","0.666666667","0","3.9533"
"51","r","AMME","0.105691057","0","0.1474"
"51","r","ASFA","0.073170732","0","0.2861"
"51","r","KOMA","0.056910569","1","0.0122"
"51","r","ELGL","0.056910569","1","0.2100"
"51","r","MEIM","0.024390244","1","0.0233"
"51","r","GRCA","0.008130081","0","0.0161"
"51","r","ACAM","0.008130081","0","0.0296"
"51","r","ELCO","0.000000000","1","0.0000"
"51","r","LUSU","0.000000000","0","0.0000"
"52","ir","AMME","0.534483","0","0.4194"
"52","ir","LAPL","0.231207","0","0.0758"
"52","ir","HOIN","0.101016","1","0.2678"
"52","ir","POSE","0.096225","1","0.0306"
"52","ir","MEIM","0.036472","1","0.0196"
"52","ir","HOBR","0.000499","1","0.0008"
"52","ir","SIBE","0.000096","0","0.0001"
"52","ir","LUSU","0.000003","0","0.0000"
"52","ir","GRCA","0.000000","0","0.0000"
"52","ir","ASFA","0.000000","0","0.0000"
"52","dt","LUSU","0.271524","0","4.1390"
"52","dt","FEMI","0.133055","1","0.1133"
"52","dt","HOBR","0.094201","1","0.1528"
"52","dt","ELGL","0.091358","1","0.1896"
"52","dt","MURI","0.077599","1","0.0088"
"52","dt","SIBE","0.074795","0","0.0579"
"52","dt","ACST","0.072976","0","0.0571"
"52","dt","PLER","0.069191","0","0.0599"
"52","dt","DEFA","0.060938","0","0.0230"
"52","dt","ACMI","0.054364","0","0.0052"
"52","fd","LUSU","0.166157","0","2.5329"
"52","fd","POSE","0.130884","1","0.0417"
"52","fd","ACMI","0.126330","0","0.0121"
"52","fd","LUBI","0.115364","0","0.2537"
"52","fd","MURI","0.109701","1","0.0125"
"52","fd","PHCI","0.102192","0","0.0469"
"52","fd","TRWI","0.079051","0","0.0898"
"52","fd","ELGL","0.059857","1","0.1242"
"52","fd","ACAM","0.056915","0","0.1165"
"52","fd","HOBR","0.053547","1","0.0868"
"52","r","TRWI","0.45833333","0","0.9258"
"52","r","HOIN","0.20833333","1","0.9818"
"52","r","SIBE","0.16666667","0","0.2294"
"52","r","LAPL","0.08333333","0","0.0486"
"52","r","ESCA","0.08333333","0","0.0903"
"52","r","BRCA","0.00000000","1","0.0000"
"52","r","POSE","0.00000000","1","0.0000"
"52","r","ELCO","0.00000000","1","0.0000"
"52","r","AMME","0.00000000","0","0.0000"
"52","r","DEFA","0.00000000","0","0.0000"
"53","ir","KOMA","0.659535","1","0.0798"
"53","ir","AMME","0.200772","0","0.1575"
"53","ir","TRWI","0.087682","0","0.0996"
"53","ir","ESCA","0.032782","0","0.0200"
"53","ir","HOIN","0.018469","1","0.0490"
"53","ir","RACA","0.000442","0","0.0006"
"53","ir","STPU","0.000300","1","0.0008"
"53","ir","SIBE","0.000010","0","0.0000"
"53","ir","ELCO","0.000009","1","0.0000"
"53","ir","GRCA","0.000000","0","0.0000"
"53","dt","ELGL","0.338551","1","0.7027"
"53","dt","CIOC","0.283628","0","0.9461"
"53","dt","FEMI","0.098705","1","0.0841"
"53","dt","MEIM","0.085879","1","0.0462"
"53","dt","ESCA","0.073856","0","0.0450"
"53","dt","SIBE","0.058725","0","0.0455"
"53","dt","AMME","0.026877","0","0.0211"
"53","dt","DEFA","0.019083","0","0.0072"
"53","dt","PHCI","0.010536","0","0.0048"
"53","dt","SPAI","0.004159","1","0.0006"
"53","fd","LUMI","0.248244","0","3.6794"
"53","fd","ESCA","0.150831","0","0.0920"
"53","fd","SPAI","0.147090","1","0.0198"
"53","fd","SIBE","0.080028","0","0.0620"
"53","fd","HOIN","0.071132","1","0.1886"
"53","fd","ELGL","0.067931","1","0.1410"
"53","fd","DEFA","0.063298","0","0.0239"
"53","fd","ARPU","0.061275","1","0.0418"
"53","fd","ACAM","0.058266","0","0.1193"
"53","fd","RACA","0.051906","0","0.0660"
"53","r","PHCI","0.47540984","0","0.3881"
"53","r","LUSU","0.21311475","0","5.7754"
"53","r","SPAI","0.13114754","1","0.0313"
"53","r","MURI","0.04918033","1","0.0100"
"53","r","CIOC","0.04918033","0","0.2916"
"53","r","LUBI","0.03278689","0","0.1282"
"53","r","HOIN","0.01639344","1","0.0773"
"53","r","ELCO","0.01639344","1","0.0366"
"53","r","RACA","0.01639344","0","0.0370"
"53","r","ESCA","0.00000000","0","0.0000"
